Gestora,VVs,Beds,Municipality,Address
"Resort Cordial Santa Agueda",87,380,"San Bartolome De Tirajana","Ds El Pajar Suelo Parcela 1 1"
"Resort Cordial Santa Agueda",87,380,"San Bartolome De Tirajana","Plan Parcial El Pajar, Parcela 1, Vivienda 1001 1"
"Resort Cordial Santa Agueda",87,380,"San Bartolome De Tirajana","Plan Parcial El Pajar, Parcela 1, Vivienda 1002 1"
"Resort Cordial Santa Agueda",87,380,"San Bartolome De Tirajana","Plan Parcial El Pajar, Parcela 1, Vivienda 1003 1"
"Resort Cordial Santa Agueda",87,380,"San Bartolome De Tirajana","Plan Parcial El Pajar, Parcela 1, Vivienda 1004 1"
"Resort Cordial Santa Agueda",87,380,"San Bartolome De Tirajana","Plan Parcial El Pajar, Parcela 1, Vivienda 1005 1"
"Resort Cordial Santa Agueda",87,380,"San Bartolome De Tirajana","Plan Parcial El Pajar, Parcela 1, Vivienda 1006 1"
"Resort Cordial Santa Agueda",87,380,"San Bartolome De Tirajana","Plan Parcial El Pajar, Parcela 1, Vivienda 1007 1"
"Resort Cordial Santa Agueda",87,380,"San Bartolome De Tirajana","Plan Parcial El Pajar, Parcela 1, Vivienda 1008 1"
"Resort Cordial Santa Agueda",87,380,"San Bartolome De Tirajana","Plan Parcial El Pajar, Parcela 1, Vivienda 1009 1"
"Resort Cordial Santa Agueda",87,380,"San Bartolome De Tirajana","Plan Parcial El Pajar, Parcela 1, Vivienda 1010 1"
"Resort Cordial Santa Agueda",87,380,"San Bartolome De Tirajana","Plan Parcial El Pajar, Parcela 1, Vivienda 1011 1"
"Resort Cordial Santa Agueda",87,380,"San Bartolome De Tirajana","Plan Parcial El Pajar, Parcela 1, Vivienda 1012 1"
"Resort Cordial Santa Agueda",87,380,"San Bartolome De Tirajana","Plan Parcial El Pajar, Parcela 3 3"
"Resort Cordial Santa Agueda",87,380,"San Bartolome De Tirajana","Plan Parcial El Pajar, Parcela 3 3002"
"Resort Cordial Santa Agueda",87,380,"San Bartolome De Tirajana","Plan Parcial El Pajar, Parcela 3 3003"
"Resort Cordial Santa Agueda",87,380,"San Bartolome De Tirajana","Plan Parcial El Pajar, Parcela 3 3004"
"Resort Cordial Santa Agueda",87,380,"San Bartolome De Tirajana","Plan Parcial El Pajar, Parcela 3 3006"
"Resort Cordial Santa Agueda",87,380,"San Bartolome De Tirajana","Plan Parcial El Pajar, Parcela 3 3007"
"Resort Cordial Santa Agueda",87,380,"San Bartolome De Tirajana","Plan Parcial El Pajar, Parcela 3 3008"
"Los Molinos",29,62,"San Bartolome De Tirajana","Avda.Tirajana, Nº 36, Pta. 726 35100    , Playa Del Ingles, San Bartolome De Tirajana, Gran Canaria"
"Los Molinos",29,62,"San Bartolome De Tirajana","Avda. Tirajana, Nº 36, Pta. 124 35100    , Playa Del Ingles, San Bartolome De Tirajana, Gran Canaria"
"Los Molinos",29,62,"San Bartolome De Tirajana","Avda. Tirajana, Nº 36, Pta. 129 35100    , Playa Del Ingles, San Bartolome De Tirajana, Gran Canaria"
"Los Molinos",29,62,"San Bartolome De Tirajana","Avda. Tirajana, Nº 36, Pta. 132 35100    , Playa Del Ingles, San Bartolome De Tirajana, Gran Canaria"
"Los Molinos",29,62,"San Bartolome De Tirajana","Avda. Tirajana, Nº 36, Pta. 102 35100    , Playa Del Ingles, San Bartolome De Tirajana, Gran Canaria"
"Los Molinos",29,62,"San Bartolome De Tirajana","Avda. De Tirajana, Nº 36, Pta. 822 35100    , Playa Del Ingles, San Bartolome De Tirajana, Gran Canaria"
"Los Molinos",29,62,"San Bartolome De Tirajana","Avda. Tirajana, Nº 36, Pta. 114 35100    , Playa Del Ingles, San Bartolome De Tirajana, Gran Canaria"
"Los Molinos",29,62,"San Bartolome De Tirajana","Avda. Tirajana, Nº 36, Pta. 208 35100    , Playa Del Ingles, San Bartolome De Tirajana, Gran Canaria"
"Los Molinos",29,62,"San Bartolome De Tirajana","Avda. Tirajana, Nº 36, Pta. 216 35100    , Playa Del Ingles, San Bartolome De Tirajana, Gran Canaria"
"Los Molinos",29,62,"San Bartolome De Tirajana","Avda. De Tirajana, Nº 36, Pta. 718 35100    , Playa Del Ingles, San Bartolome De Tirajana, Gran Canaria"
"Los Molinos",29,62,"San Bartolome De Tirajana","Avda. Tirajana, Nº 36, Pta. 115 35100    , Playa Del Ingles, San Bartolome De Tirajana, Gran Canaria"
"Los Molinos",29,62,"San Bartolome De Tirajana","Avda. De Tirajana, Nº 36, Pta. 608 35100    , Playa Del Ingles, San Bartolome De Tirajana, Gran Canaria"
"Los Molinos",29,62,"San Bartolome De Tirajana","Avda. Tirajana, Nº 36, Pta. 234 35100    , Playa Del Ingles, San Bartolome De Tirajana, Gran Canaria"
"Los Molinos",29,62,"San Bartolome De Tirajana","Avda. De Tirajana, Nº 36, Pta. 125 35100    , Playa Del Ingles, San Bartolome De Tirajana, Gran Canaria"
"Los Molinos",29,62,"San Bartolome De Tirajana","Avda. De Tirajana, Nº 36, Pta. 801 35100    , Playa Del Ingles, San Bartolome De Tirajana, Gran Canaria"
"Los Molinos",29,62,"San Bartolome De Tirajana","Avda. Tirajana, Nº 36, Pta. 235 35100    , Playa Del Ingles, San Bartolome De Tirajana, Gran Canaria"
"Los Molinos",29,62,"San Bartolome De Tirajana","Avda. Tirajana, Nº 36, Pta. 317 35100    , Playa Del Ingles, San Bartolome De Tirajana, Gran Canaria"
"Los Molinos",29,62,"San Bartolome De Tirajana","Avda. Tirajana, Nº 36, Pta. 333 35100    , Playa Del Ingles, San Bartolome De Tirajana, Gran Canaria"
"Los Molinos",29,62,"San Bartolome De Tirajana","Avda. Tirajana, Nº 36, Pta. 604 35100    , Playa Del Ingles, San Bartolome De Tirajana, Gran Canaria"
"Los Molinos",29,62,"San Bartolome De Tirajana","Avda. Tirajana, Nº 36, Pta. 601 35100    , Playa Del Ingles, San Bartolome De Tirajana, Gran Canaria"
"Notar",18,61,"Mogan, Las Palmas De Gran Canaria","Calle Vicealmirante Fontan Lobe 26"
"Notar",18,61,"Mogan, Las Palmas De Gran Canaria","Vicealmirante Fontan Lobe 26"
"Notar",18,61,"Mogan, Las Palmas De Gran Canaria","Calle Albareda 48"
"Notar",18,61,"Mogan, Las Palmas De Gran Canaria","Callejon Del Señor Elias 1"
"Notar",18,61,"Mogan, Las Palmas De Gran Canaria","Calle Princesa Guayarmina 1"
"Notar",18,61,"Mogan, Las Palmas De Gran Canaria","Calle Alonso Quesada 1  1"
"Notar",18,61,"Mogan, Las Palmas De Gran Canaria","Calle Teguisa 20 1 5  E"
"Notar",18,61,"Mogan, Las Palmas De Gran Canaria","Avenida De La Graciosa 4   1 9"
"Notar",18,61,"Mogan, Las Palmas De Gran Canaria","Avenida De Mogan 17   1 101"
"Notar",18,61,"Mogan, Las Palmas De Gran Canaria","Calle Princesa Guayarmina 15    220"
"Notar",18,61,"Mogan, Las Palmas De Gran Canaria","Calle La Lajilla 412   3 303"
"Notar",18,61,"Mogan, Las Palmas De Gran Canaria","Calle La Lajilla 412   3 311"
"Notar",18,61,"Mogan, Las Palmas De Gran Canaria","Calle Tenerife 9    14"
"Notar",18,61,"Mogan, Las Palmas De Gran Canaria","Calle Alonso Quesada 8   1 1"
"Notar",18,61,"Mogan, Las Palmas De Gran Canaria","Calle Escocia 4"
"Notar",18,61,"Mogan, Las Palmas De Gran Canaria","Avenida Los Guayres 34 E   227"
"Notar",18,61,"Mogan, Las Palmas De Gran Canaria","Calle La Lajilla 412   7 10"
"Cordial Mogan Solaz",12,43,"Mogan","Calle La Puntilla 26 35139 1   201, Puerto De Mogan, Mogan, Gran Canaria"
"Cordial Mogan Solaz",12,43,"Mogan","Calle La Puntilla 32"
"Cordial Mogan Solaz",12,43,"Mogan","Calle La Puntilla  32"
"Cordial Mogan Solaz",12,43,"Mogan","C/ La Puntilla 27"
"Cordial Mogan Solaz",12,43,"Mogan","C/La Puntilla 27"
"Cordial Mogan Solaz",12,43,"Mogan","C/ La Puntilla, Nº 27 Puerta 103 27"
"Cordial Mogan Solaz",12,43,"Mogan","C/ La Puntilla Num 27 Pta 104 27"
"Cordial Mogan Solaz",12,43,"Mogan","C/ La Puntilla Num 27 Pta 105 27"
"Cordial Mogan Solaz",12,43,"Mogan","C/ La Puntilla Num 27 Pta 106 27"
"Cordial Mogan Solaz",12,43,"Mogan","C/ La Puntilla, Num 27, Pta 107 27"
"Cordial Mogan Solaz",12,43,"Mogan","Calle La Puntilla 32   2 A"
"Casa Verde",12,44,"Mogan, Las Palmas De Gran Canaria, San Bartolome De Tirajana, Ingenio, Santa Maria De Guia De Gran Canaria","Calle Acoran 21, Puerta 3 35120    , Arguineguin, Mogan, Gran Canaria"
"Casa Verde",12,44,"Mogan, Las Palmas De Gran Canaria, San Bartolome De Tirajana, Ingenio, Santa Maria De Guia De Gran Canaria","Bernardo De La Torre 104 0 0"
"Casa Verde",12,44,"Mogan, Las Palmas De Gran Canaria, San Bartolome De Tirajana, Ingenio, Santa Maria De Guia De Gran Canaria","Avenida De Alemania  33"
"Casa Verde",12,44,"Mogan, Las Palmas De Gran Canaria, San Bartolome De Tirajana, Ingenio, Santa Maria De Guia De Gran Canaria","Calle Menendez Y Pelayo 4"
"Casa Verde",12,44,"Mogan, Las Palmas De Gran Canaria, San Bartolome De Tirajana, Ingenio, Santa Maria De Guia De Gran Canaria","Calle Perez Galdos 2"
"Casa Verde",12,44,"Mogan, Las Palmas De Gran Canaria, San Bartolome De Tirajana, Ingenio, Santa Maria De Guia De Gran Canaria","Calle Acorán  19    1"
"Canteras Way",11,58,"Las Palmas De Gran Canaria","Secretario Padilla 76   2 D"
"Canteras Way",11,58,"Las Palmas De Gran Canaria","Calle Secretario Padilla  76   2 A"
"Canteras Way",11,58,"Las Palmas De Gran Canaria","Calle Secretario Padilla 76   4 C"
"Canteras Way",11,58,"Las Palmas De Gran Canaria","Calle Olof Palme  44   17 A"
"Canteras Way",11,58,"Las Palmas De Gran Canaria","C/ Diderot  10"
"Canteras Way",11,58,"Las Palmas De Gran Canaria","Calle Portugal 93"
"Canteras Way",11,58,"Las Palmas De Gran Canaria","Paseo De Las Canteras  88"
"Apartamento",9,31,"Las Palmas De Gran Canaria, San Bartolome De Tirajana, Valleseco, Mogan","Nicolás Estévanez 080 1º, Pta. 102"
"Apartamento",9,31,"Las Palmas De Gran Canaria, San Bartolome De Tirajana, Valleseco, Mogan","Urb. Sonneland  Parc. 21-22, Bung. 77"
"Apartamento",9,31,"Las Palmas De Gran Canaria, San Bartolome De Tirajana, Valleseco, Mogan","Bernardo De La Torre 086 3º, Pta. E"
"Apartamento",9,31,"Las Palmas De Gran Canaria, San Bartolome De Tirajana, Valleseco, Mogan","Lomo De La Mesa 35"
"Apartamento",9,31,"Las Palmas De Gran Canaria, San Bartolome De Tirajana, Valleseco, Mogan","Urbanización Puerto De Mogán 27"
"Apartamento",9,31,"Las Palmas De Gran Canaria, San Bartolome De Tirajana, Valleseco, Mogan","Avenida Pablo Picasso 11"
"Apartamento",9,31,"Las Palmas De Gran Canaria, San Bartolome De Tirajana, Valleseco, Mogan","Av.Roque Del Este 20"
"Apartamento",9,31,"Las Palmas De Gran Canaria, San Bartolome De Tirajana, Valleseco, Mogan","Ingeniero Salinas 82"
"Rocas Rojas",9,35,"San Bartolome De Tirajana","C/ Las Margaritas 9"
"Rocas Rojas",9,35,"San Bartolome De Tirajana","C/ Las Pitas, S/N, Pta. 505a 35100    , San Agustin, San Bartolome De Tirajana, Gran Canaria"
"Rocas Rojas",9,35,"San Bartolome De Tirajana","Los Nardos S/N"
"Rocas Rojas",9,35,"San Bartolome De Tirajana","Calle Las Pitas 6"
"Rocas Rojas",9,35,"San Bartolome De Tirajana","Calee Las Pitas 6"
"Rocas Rojas",9,35,"San Bartolome De Tirajana","Las Pitas 6   403a"
"Casa Del Sol",9,34,"Las Palmas De Gran Canaria, Agaete, Mogan, San Bartolome De Tirajana","Fernando Guanarteme 005 2º, Pta. 2e"
"Casa Del Sol",9,34,"Las Palmas De Gran Canaria, Agaete, Mogan, San Bartolome De Tirajana","Paseo De Los Dragos, N 48 35489    , Valle De Agaete, Agaete, Gran Canaria"
"Casa Del Sol",9,34,"Las Palmas De Gran Canaria, Agaete, Mogan, San Bartolome De Tirajana","Calle Goya 42"
"Casa Del Sol",9,34,"Las Palmas De Gran Canaria, Agaete, Mogan, San Bartolome De Tirajana","C/Dali 54"
"Casa Del Sol",9,34,"Las Palmas De Gran Canaria, Agaete, Mogan, San Bartolome De Tirajana","Felo Monzón  48"
"Casa Del Sol",9,34,"Las Palmas De Gran Canaria, Agaete, Mogan, San Bartolome De Tirajana","Calle Sargento Llagas 33   4 404"
"Casa Del Sol",9,34,"Las Palmas De Gran Canaria, Agaete, Mogan, San Bartolome De Tirajana","Paseo De San Jose  56"
"Casa Del Sol",9,34,"Las Palmas De Gran Canaria, Agaete, Mogan, San Bartolome De Tirajana","Calle Valencia 4"
"Casa Del Sol",9,34,"Las Palmas De Gran Canaria, Agaete, Mogan, San Bartolome De Tirajana","Calle Paiño 2    102"
"Bungalow",9,33,"San Bartolome De Tirajana","Agustín Millares Carló 005 Puerta 62"
"Bungalow",9,33,"San Bartolome De Tirajana","C/ Mar Caspio, 67 35100    , San Bartolome De Tirajana, San Bartolome De Tirajana, Gran Canaria"
"Bungalow",9,33,"San Bartolome De Tirajana","C/ Mar Caspio, 73 35100    , San Bartolome De Tirajana, San Bartolome De Tirajana, Gran Canaria"
"Bungalow",9,33,"San Bartolome De Tirajana","Avda. Touroperador Aurinkomatkat, 1, Pta. 143 35100    , Maspalomas, San Bartolome De Tirajana, Gran Canaria"
"Bungalow",9,33,"San Bartolome De Tirajana","Calle Bergantín 9 35106    , Pasito Blanco, San Bartolome De Tirajana, Gran Canaria"
"Bungalow",9,33,"San Bartolome De Tirajana","Touroperador Intamu 2"
"Bungalow",9,33,"San Bartolome De Tirajana","C/ Touroperador Kuoni 2"
"Bungalow",9,33,"San Bartolome De Tirajana","Calle Dinamarca 5    25"
"Bungalow",9,33,"San Bartolome De Tirajana","Avenida Toruroperador Vingresor 24    37"
"Vivienda Unifamiliar",9,50,"San Bartolome De Tirajana, Santa Brigida, Aguimes, Santa Lucia De Tirajana, Galdar, Telde, Ingenio","Cercados De Araña 139"
"Vivienda Unifamiliar",9,50,"San Bartolome De Tirajana, Santa Brigida, Aguimes, Santa Lucia De Tirajana, Galdar, Telde, Ingenio","Lugar Los Lomitos 006"
"Vivienda Unifamiliar",9,50,"San Bartolome De Tirajana, Santa Brigida, Aguimes, Santa Lucia De Tirajana, Galdar, Telde, Ingenio","Sargo 046"
"Vivienda Unifamiliar",9,50,"San Bartolome De Tirajana, Santa Brigida, Aguimes, Santa Lucia De Tirajana, Galdar, Telde, Ingenio","Calle Las Bajas 63 35119    , Pozo Izquierdo, Santa Lucia De Tirajana, Gran Canaria"
"Vivienda Unifamiliar",9,50,"San Bartolome De Tirajana, Santa Brigida, Aguimes, Santa Lucia De Tirajana, Galdar, Telde, Ingenio","Avda. Juan Quintana, N 10 35460    , Agujero (El), Galdar, Gran Canaria"
"Vivienda Unifamiliar",9,50,"San Bartolome De Tirajana, Santa Brigida, Aguimes, Santa Lucia De Tirajana, Galdar, Telde, Ingenio","Calle Magarza 7 35212    , Telde, Telde, Gran Canaria"
"Vivienda Unifamiliar",9,50,"San Bartolome De Tirajana, Santa Brigida, Aguimes, Santa Lucia De Tirajana, Galdar, Telde, Ingenio","C/ Menendez Y Pelayo 3"
"Vivienda Unifamiliar",9,50,"San Bartolome De Tirajana, Santa Brigida, Aguimes, Santa Lucia De Tirajana, Galdar, Telde, Ingenio","Avenida Marítima, 9, Planta Baja 35240    , Burrero (El), Ingenio, Gran Canaria"
"Vivienda Unifamiliar",9,50,"San Bartolome De Tirajana, Santa Brigida, Aguimes, Santa Lucia De Tirajana, Galdar, Telde, Ingenio","Avenida Marítima, 9, Bloque 2, Planta 3 35250    , Burrero (El), Ingenio, Gran Canaria"
"Sunsuites Carolina",9,27,"San Bartolome De Tirajana","Calle Las Dalias 1  8"
"Sunsuites Carolina",9,27,"San Bartolome De Tirajana","Calle Las Dalias 1"
"Sunsuites Carolina",9,27,"San Bartolome De Tirajana","Calle Ahulagas 5  A"
"Sunsuites Carolina",9,27,"San Bartolome De Tirajana","Calle Las Dalias 1  8 Bj 21"
"Charles Moe S.L.U",9,24,"Mogan","Calle La Lajilla 2"
"Finca Tomas Y Puri",9,28,"San Bartolome De Tirajana","Carretera Gran Canaria 60"
"Emycanarias Holiday Homes",8,68,"Aguimes, Santa Lucia De Tirajana","De Los Pescadores 31"
"Emycanarias Holiday Homes",8,68,"Aguimes, Santa Lucia De Tirajana","Muro 66-68"
"Casa Lola",8,35,"Agaete, Telde, San Bartolome De Tirajana, Galdar, Vega San Mateo","C/ Lola Massieu, Nº 1, 1º, Pta. 2 35480    , Agaete, Agaete, Gran Canaria"
"Casa Lola",8,35,"Agaete, Telde, San Bartolome De Tirajana, Galdar, Vega San Mateo","Américo Vespucio 059 Pb"
"Casa Lola",8,35,"Agaete, Telde, San Bartolome De Tirajana, Galdar, Vega San Mateo","Océano Ártico 017"
"Casa Lola",8,35,"Agaete, Telde, San Bartolome De Tirajana, Galdar, Vega San Mateo","Fagajesto   S/N - Montaña Gorda"
"Casa Lola",8,35,"Agaete, Telde, San Bartolome De Tirajana, Galdar, Vega San Mateo","C/ Rambla De La Constitución, Nº 1 35320    , Vega De San Mateo, Vega San Mateo, Gran Canaria"
"Casa Lola",8,35,"Agaete, Telde, San Bartolome De Tirajana, Galdar, Vega San Mateo","Calle Benecharo 1"
"Casa Lola",8,35,"Agaete, Telde, San Bartolome De Tirajana, Galdar, Vega San Mateo","Avenida De Tenerife  8    412"
"Casa Lola",8,35,"Agaete, Telde, San Bartolome De Tirajana, Galdar, Vega San Mateo","Calle Isla De Tenerife  8"
"Vista Mar",8,38,"Las Palmas De Gran Canaria, Telde, Mogan, San Bartolome De Tirajana","Párroco Francisco Rodríguez Rodríguez 001 2º D"
"Vista Mar",8,38,"Las Palmas De Gran Canaria, Telde, Mogan, San Bartolome De Tirajana","Calle Becquer 58"
"Vista Mar",8,38,"Las Palmas De Gran Canaria, Telde, Mogan, San Bartolome De Tirajana","Calle La Lajilla, N 2, Puerta 708 35120    , Arguineguin, Mogan, Gran Canaria"
"Vista Mar",8,38,"Las Palmas De Gran Canaria, Telde, Mogan, San Bartolome De Tirajana","Avda De Alemania, Vivienda 1 29"
"Vista Mar",8,38,"Las Palmas De Gran Canaria, Telde, Mogan, San Bartolome De Tirajana","Calle Los Jazmmines  11   02 43"
"Vista Mar",8,38,"Las Palmas De Gran Canaria, Telde, Mogan, San Bartolome De Tirajana","C/ Juan Bosch Millares 211    26"
"Vista Mar",8,38,"Las Palmas De Gran Canaria, Telde, Mogan, San Bartolome De Tirajana","Avenida De La Graciosa, Edif, Playa Mar 4   1 8"
"Vista Mar",8,38,"Las Palmas De Gran Canaria, Telde, Mogan, San Bartolome De Tirajana","Petrel 4 N  2 7"
"Casa Blanca",8,48,"Santa Lucia De Tirajana, San Bartolome De Tirajana, Las Palmas De Gran Canaria, Mogan, Moya, Telde","Lg Parralillo Bajo 44"
"Casa Blanca",8,48,"Santa Lucia De Tirajana, San Bartolome De Tirajana, Las Palmas De Gran Canaria, Mogan, Moya, Telde","Avenida De Madrid 37, Puerta 208 35100    , Playa Del Ingles, San Bartolome De Tirajana, Gran Canaria"
"Casa Blanca",8,48,"Santa Lucia De Tirajana, San Bartolome De Tirajana, Las Palmas De Gran Canaria, Mogan, Moya, Telde","Calle Nestor De La Torre, 28, 6c 35006    , Las Palmas De Gran Canaria, Las Palmas De Gran Canaria, Gran Canaria"
"Casa Blanca",8,48,"Santa Lucia De Tirajana, San Bartolome De Tirajana, Las Palmas De Gran Canaria, Mogan, Moya, Telde","Calle Nayra 45"
"Casa Blanca",8,48,"Santa Lucia De Tirajana, San Bartolome De Tirajana, Las Palmas De Gran Canaria, Mogan, Moya, Telde","Juan Mateo De Castro  1"
"Casa Blanca",8,48,"Santa Lucia De Tirajana, San Bartolome De Tirajana, Las Palmas De Gran Canaria, Mogan, Moya, Telde","Avenida Touroperador Neckermann  3    6"
"Casa Blanca",8,48,"Santa Lucia De Tirajana, San Bartolome De Tirajana, Las Palmas De Gran Canaria, Mogan, Moya, Telde","Montaña Negra- Parcela  56"
"Casa Blanca",8,48,"Santa Lucia De Tirajana, San Bartolome De Tirajana, Las Palmas De Gran Canaria, Mogan, Moya, Telde","Calle Grande 15"
"Finca Navelo Slu",8,22,"Aguimes","Lugar Lomo Ancon - Finca Falcon Cresta  60"
"Finca Navelo Slu",8,22,"Aguimes","Lugar Lomo Ancon - Finca Falcon Cresta 60"
"Finca Navelo Slu",8,22,"Aguimes","Lugar Lomo Ancon- Finca Falcon Cresta  60"
"Casa De La Playa",7,29,"La Aldea De San Nicolas, Las Palmas De Gran Canaria, Telde, San Bartolome De Tirajana, Mogan","Gabarra 011"
"Casa De La Playa",7,29,"La Aldea De San Nicolas, Las Palmas De Gran Canaria, Telde, San Bartolome De Tirajana, Mogan","Albareda 097 5º B"
"Casa De La Playa",7,29,"La Aldea De San Nicolas, Las Palmas De Gran Canaria, Telde, San Bartolome De Tirajana, Mogan","Calle Thomas Alba Edison  17"
"Casa De La Playa",7,29,"La Aldea De San Nicolas, Las Palmas De Gran Canaria, Telde, San Bartolome De Tirajana, Mogan","Bolivia 016 Bajo J"
"Casa De La Playa",7,29,"La Aldea De San Nicolas, Las Palmas De Gran Canaria, Telde, San Bartolome De Tirajana, Mogan","Calle Malaga 10  1"
"Casa De La Playa",7,29,"La Aldea De San Nicolas, Las Palmas De Gran Canaria, Telde, San Bartolome De Tirajana, Mogan","Plaza De Hibiscus 1    229"
"Casa De La Playa",7,29,"La Aldea De San Nicolas, Las Palmas De Gran Canaria, Telde, San Bartolome De Tirajana, Mogan","C/ Rio Piedras 8   1 103"
"Casa Carmen",7,29,"Mogan, San Bartolome De Tirajana, Santa Lucia De Tirajana, Aguimes","Valencia 005 Pta. B301"
"Casa Carmen",7,29,"Mogan, San Bartolome De Tirajana, Santa Lucia De Tirajana, Aguimes","Einstein 002 Complejo Vistadunas, Pta. 41"
"Casa Carmen",7,29,"Mogan, San Bartolome De Tirajana, Santa Lucia De Tirajana, Aguimes","C/Mero 2"
"Casa Carmen",7,29,"Mogan, San Bartolome De Tirajana, Santa Lucia De Tirajana, Aguimes","Calle Ciega  4"
"Casa Carmen",7,29,"Mogan, San Bartolome De Tirajana, Santa Lucia De Tirajana, Aguimes","Avenida De Gran Canaria  35"
"Casa Carmen",7,29,"Mogan, San Bartolome De Tirajana, Santa Lucia De Tirajana, Aguimes","Serreta 23"
"Casa Carmen",7,29,"Mogan, San Bartolome De Tirajana, Santa Lucia De Tirajana, Aguimes","Mar Caspio 2 1   79"
"La Casita",7,42,"Firgas, Santa Brigida, San Bartolome De Tirajana, Vega San Mateo, Las Palmas De Gran Canaria","Vasco López 009 Izq."
"La Casita",7,42,"Firgas, Santa Brigida, San Bartolome De Tirajana, Vega San Mateo, Las Palmas De Gran Canaria","Los Hoyos   S/N - Barranquillo De Dios"
"La Casita",7,42,"Firgas, Santa Brigida, San Bartolome De Tirajana, Vega San Mateo, Las Palmas De Gran Canaria","C/ Perera, N 2 35290    , Tunte (Capital), San Bartolome De Tirajana, Gran Canaria"
"La Casita",7,42,"Firgas, Santa Brigida, San Bartolome De Tirajana, Vega San Mateo, Las Palmas De Gran Canaria","Touroperador Kuoni 27    136"
"La Casita",7,42,"Firgas, Santa Brigida, San Bartolome De Tirajana, Vega San Mateo, Las Palmas De Gran Canaria","C/ Casa La Cal 52 D"
"La Casita",7,42,"Firgas, Santa Brigida, San Bartolome De Tirajana, Vega San Mateo, Las Palmas De Gran Canaria","Tias 1    1"
"La Casita",7,42,"Firgas, Santa Brigida, San Bartolome De Tirajana, Vega San Mateo, Las Palmas De Gran Canaria","Camino A Cuevas Del Monte 13"
"Duplex",7,34,"Telde, Agaete, Galdar, Santa Lucia De Tirajana, Las Palmas De Gran Canaria","El Verso 001"
"Duplex",7,34,"Telde, Agaete, Galdar, Santa Lucia De Tirajana, Las Palmas De Gran Canaria","Vial Ii, Urb. Hilera   Pta. 57"
"Duplex",7,34,"Telde, Agaete, Galdar, Santa Lucia De Tirajana, Las Palmas De Gran Canaria","Nardo 019"
"Duplex",7,34,"Telde, Agaete, Galdar, Santa Lucia De Tirajana, Las Palmas De Gran Canaria","Urb. Costa Guanche 029"
"Duplex",7,34,"Telde, Agaete, Galdar, Santa Lucia De Tirajana, Las Palmas De Gran Canaria","Tenerife 100 Puerta 8"
"Duplex",7,34,"Telde, Agaete, Galdar, Santa Lucia De Tirajana, Las Palmas De Gran Canaria","C/ Leon Tolstoiy, N 6, 4 H 35010    , Las Palmas De Gran Canaria, Las Palmas De Gran Canaria, Gran Canaria"
"Duplex",7,34,"Telde, Agaete, Galdar, Santa Lucia De Tirajana, Las Palmas De Gran Canaria","Bernardo De La Torre 68   4 B"
"Las Canteras",7,23,"Las Palmas De Gran Canaria","Nicolás Estévanez 065 Sexto, Puerta 503"
"Las Canteras",7,23,"Las Palmas De Gran Canaria","C/ Portugal, N 30, 5, Pta. 516 35007    , Las Palmas De Gran Canaria, Las Palmas De Gran Canaria, Gran Canaria"
"Las Canteras",7,23,"Las Palmas De Gran Canaria","Calle Prudencio Morales 29"
"Las Canteras",7,23,"Las Palmas De Gran Canaria","Calle Secretario Artiles, N 92, 2 35008    , Las Palmas De Gran Canaria, Las Palmas De Gran Canaria, Gran Canaria"
"Las Canteras",7,23,"Las Palmas De Gran Canaria","Calle Mariana De Pineda, N 34, 3 B 35007    , Las Palmas De Gran Canaria, Las Palmas De Gran Canaria, Gran Canaria"
"Las Canteras",7,23,"Las Palmas De Gran Canaria","Calle Bernardo De La Torre  41   6 602"
"Las Canteras",7,23,"Las Palmas De Gran Canaria","Joaquín Costa 37"
"Piso",6,22,"Valleseco, Las Palmas De Gran Canaria, Aguimes, Ingenio","Alcalde Vicente Arencibia 021"
"Piso",6,22,"Valleseco, Las Palmas De Gran Canaria, Aguimes, Ingenio","Sargento Llagas 016 3º C"
"Piso",6,22,"Valleseco, Las Palmas De Gran Canaria, Aguimes, Ingenio","Amapola 023 1º C"
"Piso",6,22,"Valleseco, Las Palmas De Gran Canaria, Aguimes, Ingenio","Carlos V 012 2º B"
"Piso",6,22,"Valleseco, Las Palmas De Gran Canaria, Aguimes, Ingenio","Carlos V 012 1º A"
"Piso",6,22,"Valleseco, Las Palmas De Gran Canaria, Aguimes, Ingenio","Carlos V 012 2º A"
"Casa Del Mar",6,36,"Agaete, Galdar, Arucas, Las Palmas De Gran Canaria, Aguimes, Mogan","Guayedra 68-2º"
"Casa Del Mar",6,36,"Agaete, Galdar, Arucas, Las Palmas De Gran Canaria, Aguimes, Mogan","Urbanización Sau Playa Canaria 16 D"
"Casa Del Mar",6,36,"Agaete, Galdar, Arucas, Las Palmas De Gran Canaria, Aguimes, Mogan","Jacinto Artiles 014"
"Casa Del Mar",6,36,"Agaete, Galdar, Arucas, Las Palmas De Gran Canaria, Aguimes, Mogan","De Los Gofiones 005 2º, Pta. 23"
"Casa Del Mar",6,36,"Agaete, Galdar, Arucas, Las Palmas De Gran Canaria, Aguimes, Mogan","Duque De Osuna 003 2º Derecha"
"Casa Del Mar",6,36,"Agaete, Galdar, Arucas, Las Palmas De Gran Canaria, Aguimes, Mogan","Calle Alonso Quesada 15    1ºd"
"Casa Canaria",6,26,"Aguimes, Las Palmas De Gran Canaria, San Bartolome De Tirajana, Telde, Santa Brigida","Hermanos Lumiére 016 Eden - Playa De Vargas"
"Casa Canaria",6,26,"Aguimes, Las Palmas De Gran Canaria, San Bartolome De Tirajana, Telde, Santa Brigida","Calle Tomás Miller  53"
"Casa Canaria",6,26,"Aguimes, Las Palmas De Gran Canaria, San Bartolome De Tirajana, Telde, Santa Brigida","Avda. Wind Surfing, N 2, Blq. C, Bajo, Pta. 1 35107    , San Bartolome De Tirajana, San Bartolome De Tirajana, Gran Canaria"
"Casa Canaria",6,26,"Aguimes, Las Palmas De Gran Canaria, San Bartolome De Tirajana, Telde, Santa Brigida","Calle Fagonia, Hoya Del Pozo, Telde 6"
"Casa Canaria",6,26,"Aguimes, Las Palmas De Gran Canaria, San Bartolome De Tirajana, Telde, Santa Brigida","Calle Calvo Sotelo 6"
"Casa Canaria",6,26,"Aguimes, Las Palmas De Gran Canaria, San Bartolome De Tirajana, Telde, Santa Brigida","Calle Marte  9"
"La Gloria",6,52,"San Bartolome De Tirajana, Mogan, Telde, Galdar","Los Girasoles 008"
"La Gloria",6,52,"San Bartolome De Tirajana, Mogan, Telde, Galdar","San Antonio 017 7º B"
"La Gloria",6,52,"San Bartolome De Tirajana, Mogan, Telde, Galdar","Calle Los Girasoles  24"
"La Gloria",6,52,"San Bartolome De Tirajana, Mogan, Telde, Galdar","C/ Armiche  31"
"La Gloria",6,52,"San Bartolome De Tirajana, Mogan, Telde, Galdar","Lugar Lomo Del Palo, Camino De La Caldera   S/N 0"
"La Gloria",6,52,"San Bartolome De Tirajana, Mogan, Telde, Galdar","Calle Los Girasoles 22"
"Casa Bonita",6,32,"Las Palmas De Gran Canaria, Mogan, Telde, San Bartolome De Tirajana","Prudencio Morales 051 Puerta 33"
"Casa Bonita",6,32,"Las Palmas De Gran Canaria, Mogan, Telde, San Bartolome De Tirajana","Calle La Puntilla 17   2 A3"
"Casa Bonita",6,32,"Las Palmas De Gran Canaria, Mogan, Telde, San Bartolome De Tirajana","Calle Tahona 2, Bloque 9, 1, Puerta 3 35120    , Mogan, Mogan, Gran Canaria"
"Casa Bonita",6,32,"Las Palmas De Gran Canaria, Mogan, Telde, San Bartolome De Tirajana","Calle Neptuno 1"
"Casa Bonita",6,32,"Las Palmas De Gran Canaria, Mogan, Telde, San Bartolome De Tirajana","Lomo La Presa  16"
"Casa Bonita",6,32,"Las Palmas De Gran Canaria, Mogan, Telde, San Bartolome De Tirajana","Avenida De Italia 10    25"
"Flamboyan",6,22,"San Bartolome De Tirajana, Telde","Mar Caspio 2    175"
"Flamboyan",6,22,"San Bartolome De Tirajana, Telde","Calle Las Margaritas, 10, Puerta 114 A 35100    , San Bartolome De Tirajana, San Bartolome De Tirajana, Gran Canaria"
"Flamboyan",6,22,"San Bartolome De Tirajana, Telde","C/ Acoydan 1"
"Flamboyan",6,22,"San Bartolome De Tirajana, Telde","Calle Acoidan 1   2 1"
"Flamboyan",6,22,"San Bartolome De Tirajana, Telde","Calle Acoidan 1   3 1"
"Flamboyan",6,22,"San Bartolome De Tirajana, Telde","Calle Acoidan 1   1 1"
"La Fuente",6,24,"Mogan, Galdar, Teror, Telde","Paseo De Los Pescadores, Nº 15, 1º, F 35012    , Playa De Mogan, Mogan, Gran Canaria"
"La Fuente",6,24,"Mogan, Galdar, Teror, Telde","Pasaje De Los Pescadores, Nº 15, 2º, Pta. I 35012    , Playa De Mogan, Mogan, Gran Canaria"
"La Fuente",6,24,"Mogan, Galdar, Teror, Telde","Pasaje De Los Pescadores, Nº 15, 1º, Pta. D 35012    , Playa De Mogan, Mogan, Gran Canaria"
"La Fuente",6,24,"Mogan, Galdar, Teror, Telde","C/ La Fuente, Nº 29 35468    , Fagajesto, Galdar, Gran Canaria"
"La Fuente",6,24,"Mogan, Galdar, Teror, Telde","C/ Montañeta De La Fuente Agria 35330    , Teror, Teror, Gran Canaria"
"La Fuente",6,24,"Mogan, Galdar, Teror, Telde","Callejón De La Fuente 17, 2 35200 2   , Telde, Telde, Gran Canaria"
"Casa Maria",6,26,"San Bartolome De Tirajana, Tejeda, Mogan, Ingenio, Valsequillo De Gran Canaria, Telde","Cl Touroperador Matkatala 57a 01"
"Casa Maria",6,26,"San Bartolome De Tirajana, Tejeda, Mogan, Ingenio, Valsequillo De Gran Canaria, Telde","Calle Erilla 2"
"Casa Maria",6,26,"San Bartolome De Tirajana, Tejeda, Mogan, Ingenio, Valsequillo De Gran Canaria, Telde","Cl Albaicin  15    324"
"Casa Maria",6,26,"San Bartolome De Tirajana, Tejeda, Mogan, Ingenio, Valsequillo De Gran Canaria, Telde","C/ Cairasco Figueroa 4"
"Casa Maria",6,26,"San Bartolome De Tirajana, Tejeda, Mogan, Ingenio, Valsequillo De Gran Canaria, Telde","Avda Las Vegas  62"
"Casa Maria",6,26,"San Bartolome De Tirajana, Tejeda, Mogan, Ingenio, Valsequillo De Gran Canaria, Telde","El Hoyo 6"
"Inversiones Boncanar, S.L.",6,19,"San Bartolome De Tirajana, Las Palmas De Gran Canaria","Calle Driver S/N"
"Inversiones Boncanar, S.L.",6,19,"San Bartolome De Tirajana, Las Palmas De Gran Canaria","Calle Driver S/N    9"
"Inversiones Boncanar, S.L.",6,19,"San Bartolome De Tirajana, Las Palmas De Gran Canaria","Calle Luis Morote 46   5 4"
"Inversiones Boncanar, S.L.",6,19,"San Bartolome De Tirajana, Las Palmas De Gran Canaria","Calle Luis Morote 46   4 7"
"Inversiones Boncanar, S.L.",6,19,"San Bartolome De Tirajana, Las Palmas De Gran Canaria","Calle Driver  S/N    6"
"Inversiones Boncanar, S.L.",6,19,"San Bartolome De Tirajana, Las Palmas De Gran Canaria","Calle Luis Morote  46   4 8"
"Ocean View",6,22,"Arucas, Mogan","Pasaje Manuel Perdomo Ramirez  31"
"Ocean View",6,22,"Arucas, Mogan","Calle De Las Corrientes 42"
"Ocean View",6,22,"Arucas, Mogan","Cl Petrel 2   10"
"Ocean View",6,22,"Arucas, Mogan","Calle Petrel 2   10 03"
"Ocean View",6,22,"Arucas, Mogan","Calle Petrel 4    D-7"
"Ocean View",6,22,"Arucas, Mogan","Calle Isla De Lobos 1    1003"
"Vv Apartments Ragar S.L.",6,18,"Las Palmas De Gran Canaria","Calle El Cid 7   0 I"
"Vv Apartments Ragar S.L.",6,18,"Las Palmas De Gran Canaria","Calle El Cid  7   Bajo D"
"Vv Apartments Ragar S.L.",6,18,"Las Palmas De Gran Canaria","Calle El Cid 7   1 Izda"
"Vv Apartments Ragar S.L.",6,18,"Las Palmas De Gran Canaria","Calle El Cid 7   1dcha"
"Vv Apartments Ragar S.L.",6,18,"Las Palmas De Gran Canaria","Calle El Cid 7   2izda"
"Vv Apartments Ragar S.L.",6,18,"Las Palmas De Gran Canaria","Calle El Cid 7   2 Dcha"
"Canteras",5,22,"Las Palmas De Gran Canaria","Olof Palme 001 4º, Pta. 407"
"Canteras",5,22,"Las Palmas De Gran Canaria","De Las Canteras 005"
"Canteras",5,22,"Las Palmas De Gran Canaria","Alfredo L. Jones 008 3º C"
"Canteras",5,22,"Las Palmas De Gran Canaria","Calle Luis Morote 59   3"
"Canteras",5,22,"Las Palmas De Gran Canaria","Calle Egido 5"
"Casa Paco",5,23,"Valsequillo De Gran Canaria, San Bartolome De Tirajana, Mogan, Santa Lucia De Tirajana","Maestro Juan Manuel 007 Pta. 13"
"Casa Paco",5,23,"Valsequillo De Gran Canaria, San Bartolome De Tirajana, Mogan, Santa Lucia De Tirajana","Touroperador Kuoni 012"
"Casa Paco",5,23,"Valsequillo De Gran Canaria, San Bartolome De Tirajana, Mogan, Santa Lucia De Tirajana","Urb. Puerto De Mogan 328  0"
"Casa Paco",5,23,"Valsequillo De Gran Canaria, San Bartolome De Tirajana, Mogan, Santa Lucia De Tirajana","Av De La Cornisa 1"
"Casa Paco",5,23,"Valsequillo De Gran Canaria, San Bartolome De Tirajana, Mogan, Santa Lucia De Tirajana","Calle La Polka 6    B"
"Las Nasas",5,21,"Aguimes, San Bartolome De Tirajana","C/ Las Nasas,Nº 23, Bajo 35118    , Playa De Arinaga, Aguimes, Gran Canaria"
"Las Nasas",5,21,"Aguimes, San Bartolome De Tirajana","C/ Tabaibas, N 3, Bajo, Pta. 5 35100    , Playa Del Ingles, San Bartolome De Tirajana, Gran Canaria"
"Las Nasas",5,21,"Aguimes, San Bartolome De Tirajana","Tabaibas 3    10"
"Las Nasas",5,21,"Aguimes, San Bartolome De Tirajana","Las Tabaibas 3   2 15"
"Las Nasas",5,21,"Aguimes, San Bartolome De Tirajana","Calle Tabaibas Las 3   1 9"
"El Mirador",5,16,"Mogan, Galdar, Moya, Santa Maria De Guia De Gran Canaria","La Puntilla,14 3º-11"
"El Mirador",5,16,"Mogan, Galdar, Moya, Santa Maria De Guia De Gran Canaria","La Campa Na 1   Bajo A"
"El Mirador",5,16,"Mogan, Galdar, Moya, Santa Maria De Guia De Gran Canaria","C Camino La Villera 13"
"El Mirador",5,16,"Mogan, Galdar, Moya, Santa Maria De Guia De Gran Canaria","C/ Isla De Tenerife 16  Planta 0 Puerta A"
"El Mirador",5,16,"Mogan, Galdar, Moya, Santa Maria De Guia De Gran Canaria","Cs Palmital  19   2"
"Canteras Beach",5,13,"Las Palmas De Gran Canaria","Jose Franchy Roca 035"
"Canteras Beach",5,13,"Las Palmas De Gran Canaria","Simancas 3-4º E"
"Canteras Beach",5,13,"Las Palmas De Gran Canaria","Párroco Francisco Rodríguez Rodríguez 004 4º A"
"Canteras Beach",5,13,"Las Palmas De Gran Canaria","Veintinueve De Abril 78   5 C"
"Canteras Beach",5,13,"Las Palmas De Gran Canaria","Prudencio Morales  53   3 34"
"Anna",5,20,"Santa Lucia De Tirajana","Tasartico 043 3º B"
"Anna",5,20,"Santa Lucia De Tirajana","Tasartico 043 2º B"
"Anna",5,20,"Santa Lucia De Tirajana","Tasartico 043 3º A"
"Anna",5,20,"Santa Lucia De Tirajana","Tasartico 043 2º A"
"Anna",5,20,"Santa Lucia De Tirajana","Tasartico 043 1º B"
"Casa Estrella",5,17,"Santa Lucia De Tirajana, San Bartolome De Tirajana, Mogan, Vega San Mateo","Viera Y Clavijo 013"
"Casa Estrella",5,17,"Santa Lucia De Tirajana, San Bartolome De Tirajana, Mogan, Vega San Mateo","Avenida Touroperador Tjaereborg, N 7, Puerta 425 35100    , San Bartolome De Tirajana, San Bartolome De Tirajana, Gran Canaria"
"Casa Estrella",5,17,"Santa Lucia De Tirajana, San Bartolome De Tirajana, Mogan, Vega San Mateo","Francisco Navarro Navarro 13    B"
"Casa Estrella",5,17,"Santa Lucia De Tirajana, San Bartolome De Tirajana, Mogan, Vega San Mateo","Avenida Touroperador Neckermann  1 2   131"
"Casa Estrella",5,17,"Santa Lucia De Tirajana, San Bartolome De Tirajana, Mogan, Vega San Mateo","Cs El Estanco 109"
"Tegueste",5,15,"Santa Lucia De Tirajana","Tegueste 047 2º A"
"Tegueste",5,15,"Santa Lucia De Tirajana","Tegueste 047 1º A"
"Tegueste",5,15,"Santa Lucia De Tirajana","Tegueste 047 2º B"
"Tegueste",5,15,"Santa Lucia De Tirajana","Tegueste 047 1º C"
"Tegueste",5,15,"Santa Lucia De Tirajana","Tegueste 047 1º D"
"Casa Luna",5,29,"Aguimes, Las Palmas De Gran Canaria, San Bartolome De Tirajana, Mogan","Fernando González 002 Esq. C/ Juan Alvarado Y Saz"
"Casa Luna",5,29,"Aguimes, Las Palmas De Gran Canaria, San Bartolome De Tirajana, Mogan","Calle Veintinueve De Abril 51  B 1 123"
"Casa Luna",5,29,"Aguimes, Las Palmas De Gran Canaria, San Bartolome De Tirajana, Mogan","C/ Santiago Santana 32"
"Casa Luna",5,29,"Aguimes, Las Palmas De Gran Canaria, San Bartolome De Tirajana, Mogan","Calle Picasso 69"
"Casa Luna",5,29,"Aguimes, Las Palmas De Gran Canaria, San Bartolome De Tirajana, Mogan","Avda.De Mogan 21   S2 16"
"Casa Azul",5,21,"Mogan, Vega San Mateo, Telde, San Bartolome De Tirajana","Calle El Petrel  4    T4"
"Casa Azul",5,21,"Mogan, Vega San Mateo, Telde, San Bartolome De Tirajana","Ds El Estanco  102    1"
"Casa Azul",5,21,"Mogan, Vega San Mateo, Telde, San Bartolome De Tirajana","Carretera Los Arenales 17"
"Casa Azul",5,21,"Mogan, Vega San Mateo, Telde, San Bartolome De Tirajana","La Asomadilla 71"
"Casa Azul",5,21,"Mogan, Vega San Mateo, Telde, San Bartolome De Tirajana","Avenida Touroperador Neckermann 3"
"Bahia Meloneras",5,20,"San Bartolome De Tirajana","C/ Mar Caspio, N 43 35100    , San Bartolome De Tirajana, San Bartolome De Tirajana, Gran Canaria"
"Bahia Meloneras",5,20,"San Bartolome De Tirajana","C/ Mar Caspio, N 66 35100    , San Bartolome De Tirajana, San Bartolome De Tirajana, Gran Canaria"
"Bahia Meloneras",5,20,"San Bartolome De Tirajana","C/ Mar Caspio, Duplex 43 35100    , Maspalomas, San Bartolome De Tirajana, Gran Canaria"
"Bahia Meloneras",5,20,"San Bartolome De Tirajana","Mar Caspio 2   00 59"
"Bahia Meloneras",5,20,"San Bartolome De Tirajana","Mar Caspio 2   00 60"
"Casa Marina",5,24,"Mogan, Agaete","C/ Los Pechos, 2, Pta. D209 35130    , Tauro, Mogan, Gran Canaria"
"Casa Marina",5,24,"Mogan, Agaete","Las Candelarias 2"
"Casa Marina",5,24,"Mogan, Agaete","Las Candelarias 2 3"
"Casa Marina",5,24,"Mogan, Agaete","Avda De Los Guaires 17"
"Casa Marina",5,24,"Mogan, Agaete","Granada 1    A72"
"Aloe",5,16,"San Bartolome De Tirajana, Arucas, Las Palmas De Gran Canaria","Avda. De Tirajana, N 3, 2, Pta. 245 35100    , Playa Del Ingles, San Bartolome De Tirajana, Gran Canaria"
"Aloe",5,16,"San Bartolome De Tirajana, Arucas, Las Palmas De Gran Canaria","Avda. Tirajana, N 3, Pta. 334 35100    , Playa Del Ingles, San Bartolome De Tirajana, Gran Canaria"
"Aloe",5,16,"San Bartolome De Tirajana, Arucas, Las Palmas De Gran Canaria","Princesa Dácil S/N Pta. 18"
"Aloe",5,16,"San Bartolome De Tirajana, Arucas, Las Palmas De Gran Canaria","Calle Canalejas 10"
"Aloe",5,16,"San Bartolome De Tirajana, Arucas, Las Palmas De Gran Canaria","Avenida De Tirajana 3 C  3 326"
"Real Monglares",5,15,"Mogan","Cl Alonso Quesada 8 Pl:01 Pt:4 Mogan 8"
"Real Monglares",5,15,"Mogan","Cl Alonso Quesada 8 Pl:01 Pt:5 Mogan 8"
"Real Monglares",5,15,"Mogan","Cl Alonso Quesada 8 Pl:01 Pt:6 Mogan 8"
"Real Monglares",5,15,"Mogan","Cl Alonso Quesada 8 Pl:01 Pt:8 Mogan 8"
"Real Monglares",5,15,"Mogan","Cl Domingo Suarez  5  1"
"Sol Y Mar",5,20,"Mogan, Telde, San Bartolome De Tirajana, Aguimes","Avenida De Los Guayres 13"
"Sol Y Mar",5,20,"Mogan, Telde, San Bartolome De Tirajana, Aguimes","Crisantemo Nº 5 Bajo L, Cp 35212, La Garita, Telde 5"
"Sol Y Mar",5,20,"Mogan, Telde, San Bartolome De Tirajana, Aguimes","Avenida De Tirajana, 4, Piso 5b, Puerta 7 35100    , Playa Del Ingles, San Bartolome De Tirajana, Gran Canaria"
"Sol Y Mar",5,20,"Mogan, Telde, San Bartolome De Tirajana, Aguimes","Avda De Italia  19   1 102"
"Sol Y Mar",5,20,"Mogan, Telde, San Bartolome De Tirajana, Aguimes","Avenida De Los Pescadores 43   2 A"