Name,Streets,VVs,Municipios,Google Search,LinkedIn Search
"Notar",12,18,"Las Palmas De Gran Canaria, Mogan","https://www.google.com/search?q=%22Notar%22%20alquiler%20vacacional%20canarias%20contacto","https://www.linkedin.com/search/results/all/?keywords=Notar"
"Residencial Ventura",8,22,"Mogan","https://www.google.com/search?q=%22Residencial%20Ventura%22%20alquiler%20vacacional%20canarias%20contacto","https://www.linkedin.com/search/results/all/?keywords=Residencial%20Ventura"
"Pozoizquierdohomelidays",5,10,"Las Palmas De Gran Canaria, Santa Lucia De Tirajana","https://www.google.com/search?q=%22Pozoizquierdohomelidays%22%20alquiler%20vacacional%20canarias%20contacto","https://www.linkedin.com/search/results/all/?keywords=Pozoizquierdohomelidays"
"Residencial La Fuente",4,5,"Mogan","https://www.google.com/search?q=%22Residencial%20La%20Fuente%22%20alquiler%20vacacional%20canarias%20contacto","https://www.linkedin.com/search/results/all/?keywords=Residencial%20La%20Fuente"
"Bex Holiday Homes",4,27,"Las Palmas De Gran Canaria","https://www.google.com/search?q=%22Bex%20Holiday%20Homes%22%20alquiler%20vacacional%20canarias%20contacto","https://www.linkedin.com/search/results/all/?keywords=Bex%20Holiday%20Homes"
"Resort Cordial Santa Agueda",4,87,"San Bartolome De Tirajana","https://www.google.com/search?q=%22Resort%20Cordial%20Santa%20Agueda%22%20alquiler%20vacacional%20canarias%20contacto","https://www.linkedin.com/search/results/all/?keywords=Resort%20Cordial%20Santa%20Agueda"
"Urbansea Holiday Homes",4,9,"Las Palmas De Gran Canaria","https://www.google.com/search?q=%22Urbansea%20Holiday%20Homes%22%20alquiler%20vacacional%20canarias%20contacto","https://www.linkedin.com/search/results/all/?keywords=Urbansea%20Holiday%20Homes"
"Residencial Mogamar",3,9,"Mogan","https://www.google.com/search?q=%22Residencial%20Mogamar%22%20alquiler%20vacacional%20canarias%20contacto","https://www.linkedin.com/search/results/all/?keywords=Residencial%20Mogamar"
"Mindfit Holidays",3,3,"Las Palmas De Gran Canaria, San Bartolome De Tirajana","https://www.google.com/search?q=%22Mindfit%20Holidays%22%20alquiler%20vacacional%20canarias%20contacto","https://www.linkedin.com/search/results/all/?keywords=Mindfit%20Holidays"
"Diaz Pulido Restauracion Slu",3,4,"Mogan, San Bartolome De Tirajana","https://www.google.com/search?q=%22Diaz%20Pulido%20Restauracion%20Slu%22%20alquiler%20vacacional%20canarias%20contacto","https://www.linkedin.com/search/results/all/?keywords=Diaz%20Pulido%20Restauracion%20Slu"
"Inversiones Boncanar, S.L.",3,6,"Las Palmas De Gran Canaria, San Bartolome De Tirajana","https://www.google.com/search?q=%22Inversiones%20Boncanar%2C%20S.L.%22%20alquiler%20vacacional%20canarias%20contacto","https://www.linkedin.com/search/results/all/?keywords=Inversiones%20Boncanar%2C%20S.L."
"Gc Holidays",3,3,"Mogan","https://www.google.com/search?q=%22Gc%20Holidays%22%20alquiler%20vacacional%20canarias%20contacto","https://www.linkedin.com/search/results/all/?keywords=Gc%20Holidays"
"Canteras Home",3,3,"Las Palmas De Gran Canaria","https://www.google.com/search?q=%22Canteras%20Home%22%20alquiler%20vacacional%20canarias%20contacto","https://www.linkedin.com/search/results/all/?keywords=Canteras%20Home"
"Residencial Tauro",2,3,"Mogan","https://www.google.com/search?q=%22Residencial%20Tauro%22%20alquiler%20vacacional%20canarias%20contacto","https://www.linkedin.com/search/results/all/?keywords=Residencial%20Tauro"
"Sweet Home",2,2,"Mogan, San Bartolome De Tirajana","https://www.google.com/search?q=%22Sweet%20Home%22%20alquiler%20vacacional%20canarias%20contacto","https://www.linkedin.com/search/results/all/?keywords=Sweet%20Home"
"Emycanarias Holiday Homes",2,8,"Aguimes, Santa Lucia De Tirajana","https://www.google.com/search?q=%22Emycanarias%20Holiday%20Homes%22%20alquiler%20vacacional%20canarias%20contacto","https://www.linkedin.com/search/results/all/?keywords=Emycanarias%20Holiday%20Homes"
"City, Sun And Living",2,5,"Las Palmas De Gran Canaria","https://www.google.com/search?q=%22City%2C%20Sun%20And%20Living%22%20alquiler%20vacacional%20canarias%20contacto","https://www.linkedin.com/search/results/all/?keywords=City%2C%20Sun%20And%20Living"
"Residencial El Valle",2,5,"Mogan","https://www.google.com/search?q=%22Residencial%20El%20Valle%22%20alquiler%20vacacional%20canarias%20contacto","https://www.linkedin.com/search/results/all/?keywords=Residencial%20El%20Valle"
"Residencial Playa Sardina",2,2,"Galdar","https://www.google.com/search?q=%22Residencial%20Playa%20Sardina%22%20alquiler%20vacacional%20canarias%20contacto","https://www.linkedin.com/search/results/all/?keywords=Residencial%20Playa%20Sardina"
"Sunny Holidays",2,2,"Mogan, San Bartolome De Tirajana","https://www.google.com/search?q=%22Sunny%20Holidays%22%20alquiler%20vacacional%20canarias%20contacto","https://www.linkedin.com/search/results/all/?keywords=Sunny%20Holidays"
"Bex Holidays Homes",2,2,"Las Palmas De Gran Canaria","https://www.google.com/search?q=%22Bex%20Holidays%20Homes%22%20alquiler%20vacacional%20canarias%20contacto","https://www.linkedin.com/search/results/all/?keywords=Bex%20Holidays%20Homes"
"Careva Suites",2,2,"Las Palmas De Gran Canaria, San Bartolome De Tirajana","https://www.google.com/search?q=%22Careva%20Suites%22%20alquiler%20vacacional%20canarias%20contacto","https://www.linkedin.com/search/results/all/?keywords=Careva%20Suites"
"Cutre Windsurfing S.L.",2,2,"Santa Lucia De Tirajana","https://www.google.com/search?q=%22Cutre%20Windsurfing%20S.L.%22%20alquiler%20vacacional%20canarias%20contacto","https://www.linkedin.com/search/results/all/?keywords=Cutre%20Windsurfing%20S.L."
"Solen Suites Arguineguin",2,4,"Mogan","https://www.google.com/search?q=%22Solen%20Suites%20Arguineguin%22%20alquiler%20vacacional%20canarias%20contacto","https://www.linkedin.com/search/results/all/?keywords=Solen%20Suites%20Arguineguin"
"Hermacaste Sl",2,2,"Las Palmas De Gran Canaria, San Bartolome De Tirajana","https://www.google.com/search?q=%22Hermacaste%20Sl%22%20alquiler%20vacacional%20canarias%20contacto","https://www.linkedin.com/search/results/all/?keywords=Hermacaste%20Sl"
"Canary Vacation Houses",2,2,"Las Palmas De Gran Canaria","https://www.google.com/search?q=%22Canary%20Vacation%20Houses%22%20alquiler%20vacacional%20canarias%20contacto","https://www.linkedin.com/search/results/all/?keywords=Canary%20Vacation%20Houses"
"Finca Navelo Slu",2,8,"Aguimes","https://www.google.com/search?q=%22Finca%20Navelo%20Slu%22%20alquiler%20vacacional%20canarias%20contacto","https://www.linkedin.com/search/results/all/?keywords=Finca%20Navelo%20Slu"
"Famara Suites",2,8,"Las Palmas De Gran Canaria","https://www.google.com/search?q=%22Famara%20Suites%22%20alquiler%20vacacional%20canarias%20contacto","https://www.linkedin.com/search/results/all/?keywords=Famara%20Suites"
"Sunset Home",2,2,"Mogan, San Bartolome De Tirajana","https://www.google.com/search?q=%22Sunset%20Home%22%20alquiler%20vacacional%20canarias%20contacto","https://www.linkedin.com/search/results/all/?keywords=Sunset%20Home"
"Naranjo Perez E Hijos, S.L.",2,4,"Las Palmas De Gran Canaria, San Bartolome De Tirajana","https://www.google.com/search?q=%22Naranjo%20Perez%20E%20Hijos%2C%20S.L.%22%20alquiler%20vacacional%20canarias%20contacto","https://www.linkedin.com/search/results/all/?keywords=Naranjo%20Perez%20E%20Hijos%2C%20S.L."
"Inmobiliaria Canaria, S.L.",2,2,"Mogan","https://www.google.com/search?q=%22Inmobiliaria%20Canaria%2C%20S.L.%22%20alquiler%20vacacional%20canarias%20contacto","https://www.linkedin.com/search/results/all/?keywords=Inmobiliaria%20Canaria%2C%20S.L."
"Mimosas Suites",2,3,"San Bartolome De Tirajana","https://www.google.com/search?q=%22Mimosas%20Suites%22%20alquiler%20vacacional%20canarias%20contacto","https://www.linkedin.com/search/results/all/?keywords=Mimosas%20Suites"
"Gloria´S Home",2,3,"San Bartolome De Tirajana","https://www.google.com/search?q=%22Gloria%C2%B4S%20Home%22%20alquiler%20vacacional%20canarias%20contacto","https://www.linkedin.com/search/results/all/?keywords=Gloria%C2%B4S%20Home"
"Banana Suite",2,3,"San Bartolome De Tirajana","https://www.google.com/search?q=%22Banana%20Suite%22%20alquiler%20vacacional%20canarias%20contacto","https://www.linkedin.com/search/results/all/?keywords=Banana%20Suite"