Ranking,Gestora,Score,VVs,Camas,Camas/VV,Islas,Municipios,Complejos,Concentracion,Score Complejos,Lat,Lon,Direccion Ejemplo,Map URL
1,"Resort Cordial Santa Agueda",93,87,380,4.4,"Gran Canaria","San Bartolome De Tirajana","Resort Cordial Santa Agueda",100,100,27.754439,-15.675166,"Ds El Pajar Suelo Parcela 1 1",http://localhost:3000/installer/prospecting?lat=27.754439&lon=-15.675166&zoom=15
2,"Bungalow",67,10,39,3.9,"Gran Canaria, Tenerife","San Bartolome De Tirajana, Santiago Del Teide","Bungalow",85,100,27.813566,-15.758097,"Agustín Millares Carló 005 Puerta 62",http://localhost:3000/installer/prospecting?lat=27.813566&lon=-15.758097&zoom=15
3,"Apartamentos Carolina",62,6,19,3.2,"Gran Canaria, Tenerife","Mogan, Arona","Apartamentos Carolina",85,100,28.01043,-16.547043,"Avda De Los Cardones 5",http://localhost:3000/installer/prospecting?lat=28.010430&lon=-16.547043&zoom=15
4,"Villa Blanca",61,5,37,7.4,"Tenerife, Gran Canaria","Adeje, Mogan","Villa Blanca",85,100,28.026115,-16.484668,"Avenida Europa 54",http://localhost:3000/installer/prospecting?lat=28.026115&lon=-16.484668&zoom=15
5,"Amarilla Maintenance Service, S.L.U.",59,43,123,2.9,"Tenerife","San Miguel De Abona","",100,0,28.023951,-16.617233,"Avda. Maria De Los Angeles Ascanio Cullen 26",http://localhost:3000/installer/prospecting?lat=28.023951&lon=-16.617233&zoom=15
6,"Callao Veintidos S.L",58,39,146,3.7,"Tenerife","Adeje","",100,0,28.128701,-16.778006,"Avda Las Galgas 6 1  0 A",http://localhost:3000/installer/prospecting?lat=28.128701&lon=-16.778006&zoom=15
7,"Apartamento",55,28,98,3.5,"Tenerife, Gran Canaria, Fuerteventura","Granadilla De Abona, Las Palmas De Gran Canaria, San Bartolome De Tirajana, Valleseco, Mogan, Puerto De La Cruz, Arona, Los Silos, Adeje, Santiago Del Teide, El Rosario, Santa Cruz Tenerife, Los Realejos, La Oliva, Arico","Apartamento",0,100,28.181155,-16.101551,"Calle Angel Guimera 6, Piso 1b, Puerta 5",http://localhost:3000/installer/prospecting?lat=28.181155&lon=-16.101551&zoom=15
8,"Apartamento Vacacional",53,5,23,4.6,"Gran Canaria, Tenerife","Ingenio, Granadilla De Abona, Guimar, Santa Cruz Tenerife","Apartamento Vacacional",55,100,28.125105,-16.001886,"Dámaso Alonso 004 1º A",http://localhost:3000/installer/prospecting?lat=28.125105&lon=-16.001886&zoom=15
9,"Kategora Rentals S.L.",53,33,133,4,"Tenerife","Arico, Adeje","",85,0,28.141648,-16.44461,"Playas De Arico 1 A A1",http://localhost:3000/installer/prospecting?lat=28.141648&lon=-16.444610&zoom=15
10,"Contratas Barambio S.L.",53,35,78,2.2,"Lanzarote","Teguise, Haria","",85,0,29.080859,-13.452569,"Montaña Redonda 10 E   11",http://localhost:3000/installer/prospecting?lat=29.080859&lon=-13.452569&zoom=15
11,"Estrella Del Norte",51,28,58,2.1,"Tenerife, Fuerteventura","Icod De Los Vinos, La Oliva","",85,0,28.37578,-16.612787,"Ctra. El Amparo, 75, Piso 3º, Vda. 13",http://localhost:3000/installer/prospecting?lat=28.375780&lon=-16.612787&zoom=15
12,"Kategora Rentals Sl",50,16,60,3.8,"Tenerife","Arico","",100,0,28.141584,-16.444405,"Ur Caleta Maria Luisa 5 H H2",http://localhost:3000/installer/prospecting?lat=28.141584&lon=-16.444405&zoom=15
13,"Grupo Comares Amc",50,25,85,3.4,"Tenerife","Puerto De La Cruz, Arona","",85,0,28.402392,-16.553246,"Calle La Hoya 29",http://localhost:3000/installer/prospecting?lat=28.402392&lon=-16.553246&zoom=15
14,"Grupo Comares",50,35,144,4.1,"Tenerife","Arona, Puerto De La Cruz, La Orotava","",70,0,28.166407,-16.658271,"Calle Amalia Alayon 11",http://localhost:3000/installer/prospecting?lat=28.166407&lon=-16.658271&zoom=15
15,"Nexus Leisure Group, S.L.",48,13,39,3,"Tenerife","Arona","",100,0,28.053658,-16.704627,"Calle Los Ángeles 4",http://localhost:3000/installer/prospecting?lat=28.053658&lon=-16.704627&zoom=15
16,"Carlomar",47,19,58,3.1,"Tenerife","Guia Isora, Santiago Del Teide","",85,0,28.18614,-16.820144,"C/ Isla Del Hierro, 55, 1º, Appto. 1a",http://localhost:3000/installer/prospecting?lat=28.186140&lon=-16.820144&zoom=15
17,"Cordial Mogan Solaz",47,12,43,3.6,"Gran Canaria","Mogan","",100,0,27.820603,-15.76074,"Calle La Puntilla 26 35139 1   201, Puerto De Mogan, Mogan, Gran Canaria",http://localhost:3000/installer/prospecting?lat=27.820603&lon=-15.760740&zoom=15
18,"Notar",47,18,61,3.4,"Gran Canaria","Mogan, Las Palmas De Gran Canaria","",85,0,27.805883,-15.672288,"Calle Vicealmirante Fontan Lobe 26",http://localhost:3000/installer/prospecting?lat=27.805883&lon=-15.672288&zoom=15
19,"Macaronesian Rentals",47,26,133,5.1,"Tenerife, La Gomera","Adeje, Arona, San Sebastian De La Gomera","",70,0,NaN,NaN,"Calle El Mojon  16  B 0 25",http://localhost:3000/installer/prospecting?lat=NaN&lon=NaN&zoom=15
20,"Mareverde",46,11,33,3,"Tenerife","Adeje","",100,0,28.086374,-16.730756,"Avda. Ernesto Sarti, Nº 10, Bloque D, Pta. 9",http://localhost:3000/installer/prospecting?lat=28.086374&lon=-16.730756&zoom=15
21,"Canteras Way",46,11,58,5.3,"Gran Canaria","Las Palmas De Gran Canaria","",100,0,28.135002,-15.437279,"Secretario Padilla 76   2 D",http://localhost:3000/installer/prospecting?lat=28.135002&lon=-15.437279&zoom=15
22,"Parque Santiago 1",46,11,39,3.5,"Tenerife","Arona","",100,0,28.058969,-16.7345,"Avenida Puig Lluvina 34  3",http://localhost:3000/installer/prospecting?lat=28.058969&lon=-16.734500&zoom=15
23,"San Bernardo",45,14,56,4,"Tenerife, Gran Canaria","Los Silos, Las Palmas De Gran Canaria","",85,0,28.348946,-16.732586,"C/ Canteras Piso 2, Pta 8 (San Bernardo)",http://localhost:3000/installer/prospecting?lat=28.348946&lon=-16.732586&zoom=15
24,"Orlando",45,14,42,3,"Tenerife","Arona, Adeje","",85,0,28.075623,-16.722502,"C/ Hesperides - Apts Atlantic View N 6 Piso 1 Pt 110",http://localhost:3000/installer/prospecting?lat=28.075623&lon=-16.722502&zoom=15
25,"Playa Honda",45,15,44,2.9,"Tenerife, Lanzarote","Arona, San Bartolome","",85,0,28.14909,-16.415839,"Avda. Noelia Alonso Cabrera,6  Piso 2 Pta. 212",http://localhost:3000/installer/prospecting?lat=28.149090&lon=-16.415839&zoom=15
26,"El Beril",45,10,33,3.3,"Tenerife","Adeje","",100,0,28.093241,-16.745506,"Urb El Beril, 29 Pta 72",http://localhost:3000/installer/prospecting?lat=28.093241&lon=-16.745506&zoom=15
27,"Villa Margarita",45,7,49,7,"Gran Canaria, Tenerife, Lanzarote","Arucas, Arico, Teror, Telde, San Bartolome, Adeje, Puerto De La Cruz","Villa Margarita",10,100,28.30444,-15.738165,"Gumidafe 13",http://localhost:3000/installer/prospecting?lat=28.304440&lon=-15.738165&zoom=15
28,"Roque Del Conde",45,9,56,6.2,"Tenerife","Adeje","",100,0,28.093325,-16.713876,"Calle La Rioja 13",http://localhost:3000/installer/prospecting?lat=28.093325&lon=-16.713876&zoom=15
29,"Sunny Island",45,62,263,4.2,"Tenerife, Fuerteventura","Santa Cruz Tenerife, El Rosario, Puerto De La Cruz, San Cristobal De La Laguna, Granadilla De Abona, Antigua","",25,0,28.457897,-16.275461,"Avenida Tres De Mayo 14",http://localhost:3000/installer/prospecting?lat=28.457897&lon=-16.275461&zoom=15
30,"Rocas Rojas",44,9,35,3.9,"Gran Canaria","San Bartolome De Tirajana","",100,0,27.773034,-15.544681,"C/ Las Margaritas 9",http://localhost:3000/installer/prospecting?lat=27.773034&lon=-15.544681&zoom=15
31,"Sunsuites Carolina",44,9,27,3,"Gran Canaria","San Bartolome De Tirajana","",100,0,27.76768,-15.54598,"Calle Las Dalias 1  8",http://localhost:3000/installer/prospecting?lat=27.767680&lon=-15.545980&zoom=15
32,"Charles Moe S.L.U",44,9,24,2.7,"Gran Canaria","Mogan","",100,0,27.761676,-15.684106,"Calle La Lajilla 2",http://localhost:3000/installer/prospecting?lat=27.761676&lon=-15.684106&zoom=15
33,"La Montañeta Los Nogueros S.L.",44,9,29,3.2,"Tenerife","Adeje","",100,0,28.127288,-16.780228,"Cl La Tosca  3 B 0 1º 3",http://localhost:3000/installer/prospecting?lat=28.127288&lon=-16.780228&zoom=15
34,"Finca Tomas Y Puri",44,9,28,3.1,"Gran Canaria","San Bartolome De Tirajana","",100,0,27.897755,-15.5709,"Carretera Gran Canaria 60",http://localhost:3000/installer/prospecting?lat=27.897755&lon=-15.570900&zoom=15
35,"Reyes Natur",44,9,35,3.9,"Lanzarote","Haria","",100,0,29.085622,-13.452429,"Cl Seifio 5 001 00",http://localhost:3000/installer/prospecting?lat=29.085622&lon=-13.452429&zoom=15
36,"Isla Verde",43,18,53,2.9,"Tenerife, La Palma","Arona, San Miguel De Abona, Villa De Mazo","",70,0,28.066336,-16.686244,"Carretera General Antigua, Nº 29, Bloque G, Vda. 3 29",http://localhost:3000/installer/prospecting?lat=28.066336&lon=-16.686244&zoom=15
37,"Nivaria Beach",43,11,46,4.2,"Tenerife","Arico, Adeje","",85,0,28.141371,-16.443719,"Playa De Arico 1",http://localhost:3000/installer/prospecting?lat=28.141371&lon=-16.443719&zoom=15
38,"Crova S.L.",43,11,54,4.9,"Tenerife","Candelaria, Santa Cruz Tenerife","",85,0,28.416074,-16.308489,"Avenida Maritima 8  B",http://localhost:3000/installer/prospecting?lat=28.416074&lon=-16.308489&zoom=15
39,"Maria Elsa Acosta Cabello",43,8,24,3,"Tenerife","Santa Cruz Tenerife","",100,0,28.468434,-16.253703,"C/San Lucas, Vivienda Nº1 40",http://localhost:3000/installer/prospecting?lat=28.468434&lon=-16.253703&zoom=15
40,"Callao Salvaje, Urbanizacion Esquivel, S.A.",43,8,30,3.8,"Tenerife","Adeje","",100,0,28.127288,-16.780228,"Cl La Tosca 3 B 0 1º 18",http://localhost:3000/installer/prospecting?lat=28.127288&lon=-16.780228&zoom=15
41,"Finca Navelo Slu",43,8,22,2.8,"Gran Canaria","Aguimes","",100,0,27.901516,-15.456824,"Lugar Lomo Ancon - Finca Falcon Cresta  60",http://localhost:3000/installer/prospecting?lat=27.901516&lon=-15.456824&zoom=15
42,"Canary Holidays 2000",42,16,59,3.7,"Tenerife","Santa Cruz Tenerife, Arona, San Cristobal De La Laguna","",70,0,28.26096,-16.457263,"Avenida Tres De Mayo, Nº 17, Bloque 2, Piso 4º, Puerta B",http://localhost:3000/installer/prospecting?lat=28.260960&lon=-16.457263&zoom=15
43,"San Diego",42,10,42,4.2,"Tenerife","La Matanza De Acentejo, Garachico","",85,0,28.44852,-16.491611,"Trasera Acentejo Primera Nº 6, Bloque 1,  Pta.1",http://localhost:3000/installer/prospecting?lat=28.448520&lon=-16.491611&zoom=15
44,"Port Royale",42,11,30,2.7,"Tenerife","Arona, Adeje","",85,0,28.051744,-16.703561,"Calle Sierra Nevada, 4, Piso 35, Puerta 35 38650    , Cristianos (Los), Arona, Tenerife",http://localhost:3000/installer/prospecting?lat=28.051744&lon=-16.703561&zoom=15
45,"Las Canteras",42,7,23,3.3,"Gran Canaria","Las Palmas De Gran Canaria","",100,0,28.140858,-15.434087,"Nicolás Estévanez 065 Sexto, Puerta 503",http://localhost:3000/installer/prospecting?lat=28.140858&lon=-15.434087&zoom=15
46,"Callao Veintidos S.L.",42,7,25,3.6,"Tenerife","Adeje","",100,0,28.128726,-16.778234,"Avenida La Galga 6 3 3 3 17",http://localhost:3000/installer/prospecting?lat=28.128726&lon=-16.778234&zoom=15
47,"Global Management Tenerife Sl",42,7,33,4.7,"Tenerife","Santa Cruz Tenerife","",100,0,28.470039,-16.272843,"Calle Mencey Bencomo  25",http://localhost:3000/installer/prospecting?lat=28.470039&lon=-16.272843&zoom=15
48,"Iberican Foster, Sl",42,7,28,4,"Lanzarote","Yaiza","",100,0,28.863796,-13.870772,"Irlanda 7",http://localhost:3000/installer/prospecting?lat=28.863796&lon=-13.870772&zoom=15
49,"Casa Medano",41,9,42,4.7,"Tenerife, Fuerteventura","Granadilla De Abona, Pájara","",85,0,28.043162,-16.540969,"C/ La Gaviota, 23, 2º, Appto. 17",http://localhost:3000/installer/prospecting?lat=28.043162&lon=-16.540969&zoom=15
50,"La Tejita",41,9,30,3.3,"Tenerife","Granadilla De Abona, Santa Cruz Tenerife","",85,0,28.034908,-16.561105,"Calle Pizarro, Nº 2, Bloque I, Piso 1, Puerta H",http://localhost:3000/installer/prospecting?lat=28.034908&lon=-16.561105&zoom=15
51,"Callao Salvaje, Urbanizacion Esquivel,S.A",41,6,21,3.5,"Tenerife","Adeje","",100,0,28.127288,-16.780228,"Cl La Tosca 3 A 0 1º 6",http://localhost:3000/installer/prospecting?lat=28.127288&lon=-16.780228&zoom=15
52,"Vv Apartments Ragar S.L.",41,6,18,3,"Gran Canaria","Las Palmas De Gran Canaria","",100,0,28.1353,-15.438933,"Calle El Cid 7   0 I",http://localhost:3000/installer/prospecting?lat=28.135300&lon=-15.438933&zoom=15
53,"Vistas Dunas",41,6,34,5.7,"Fuerteventura","La Oliva","",100,0,28.696055,-13.875276,"Calle Pardela Golden Park  40",http://localhost:3000/installer/prospecting?lat=28.696055&lon=-13.875276&zoom=15
54,"Los Angeles",40,8,29,3.6,"Tenerife","Arona, Santiago Del Teide","",85,0,28.128585,-16.765599,"Avda Juan Carlos I N 37  Bl 01  Piso 1 Pt 123",http://localhost:3000/installer/prospecting?lat=28.128585&lon=-16.765599&zoom=15
55,"Emycanarias Holiday Homes",40,8,68,8.5,"Gran Canaria","Aguimes, Santa Lucia De Tirajana","",85,0,27.847396,-15.441701,"De Los Pescadores 31",http://localhost:3000/installer/prospecting?lat=27.847396&lon=-15.441701&zoom=15
56,"Https://Instagram.Com/Holidayhomeslanzarote?I",40,8,33,4.1,"Lanzarote","Teguise, Tias","",85,0,28.974594,-13.616909,"Calle Brezp Del Mar  31",http://localhost:3000/installer/prospecting?lat=28.974594&lon=-13.616909&zoom=15
57,"Los Molinos",39,39,107,2.7,"Tenerife, Gran Canaria, La Palma, Fuerteventura, Lanzarote","Vilaflor De Chasna, San Cristobal De La Laguna, San Bartolome De Tirajana, Los Llanos De Aridane, Antigua, Teguise","",25,0,27.956195,-15.569784,"C/ Los Molinos, 1, Vivienda 1",http://localhost:3000/installer/prospecting?lat=27.956195&lon=-15.569784&zoom=15
58,"Chaparral",39,5,14,2.8,"Tenerife","Arona","",100,0,28.010983,-16.646428,"Jose Antonio Tavio 4",http://localhost:3000/installer/prospecting?lat=28.010983&lon=-16.646428&zoom=15
59,"Medano Beach",39,6,169,28.2,"Tenerife","Granadilla De Abona, Santa Cruz Tenerife","",85,0,28.050879,-16.528277,"Avda Europa, 36-38, Urb. Medano Beach",http://localhost:3000/installer/prospecting?lat=28.050879&lon=-16.528277&zoom=15
60,"Canteras",39,5,22,4.4,"Gran Canaria","Las Palmas De Gran Canaria","",100,0,28.142328,-15.433097,"Olof Palme 001 4º, Pta. 407",http://localhost:3000/installer/prospecting?lat=28.142328&lon=-15.433097&zoom=15
61,"Canteras Beach",39,5,13,2.6,"Gran Canaria","Las Palmas De Gran Canaria","",100,0,28.135502,-15.438852,"Jose Franchy Roca 035",http://localhost:3000/installer/prospecting?lat=28.135502&lon=-15.438852&zoom=15
62,"Bahia Meloneras",39,5,20,4,"Gran Canaria","San Bartolome De Tirajana","",100,0,27.746272,-15.609243,"C/ Mar Caspio, N 43 35100    , San Bartolome De Tirajana, San Bartolome De Tirajana, Gran Canaria",http://localhost:3000/installer/prospecting?lat=27.746272&lon=-15.609243&zoom=15
63,"Real Monglares",39,5,15,3,"Gran Canaria","Mogan","",100,0,27.757322,-15.681499,"Cl Alonso Quesada 8 Pl:01 Pt:4 Mogan 8",http://localhost:3000/installer/prospecting?lat=27.757322&lon=-15.681499&zoom=15
64,"Kategora Rentals Slu",39,5,22,4.4,"Tenerife","Arico","",100,0,28.141284,-16.443437,"Playas De Arico 1 A",http://localhost:3000/installer/prospecting?lat=28.141284&lon=-16.443437&zoom=15
65,"Amarilla Golf",39,5,16,3.2,"Tenerife","San Miguel De Abona","",100,0,28.022799,-16.615549,"Calle Cornical 52",http://localhost:3000/installer/prospecting?lat=28.022799&lon=-16.615549&zoom=15
66,"Puerto De La Cruz",39,5,17,3.4,"Tenerife","Puerto De La Cruz","",100,0,28.416271,-16.545484,"Iriarte 6",http://localhost:3000/installer/prospecting?lat=28.416271&lon=-16.545484&zoom=15
67,"Amarilla Maintenance Service S.L.U.",39,5,15,3,"Tenerife","San Miguel De Abona","",100,0,28.023951,-16.617233,"Avda. Maria De Los Angeles Ascanio Cullen 26",http://localhost:3000/installer/prospecting?lat=28.023951&lon=-16.617233&zoom=15
68,"Hogar Y Sol S.L.",39,5,18,3.6,"Tenerife","Adeje","",100,0,28.074642,-16.730036,"Avenida De Los Pueblos 14  1",http://localhost:3000/installer/prospecting?lat=28.074642&lon=-16.730036&zoom=15
69,"Frameri, S.L.",39,5,25,5,"Tenerife","Santa Cruz Tenerife","",100,0,28.471525,-16.24986,"Avenida Francisco La Roche 33  B",http://localhost:3000/installer/prospecting?lat=28.471525&lon=-16.249860&zoom=15
70,"Callao Salvaje",39,5,24,4.8,"Tenerife","Adeje","",100,0,28.12886,-16.78093,"Pj Valito Sau 14   00 25",http://localhost:3000/installer/prospecting?lat=28.128860&lon=-16.780930&zoom=15
71,"Vlagara",39,5,13,2.6,"Tenerife","Santiago Del Teide","",100,0,28.247562,-16.839137,"Calle El Pino 44   3",http://localhost:3000/installer/prospecting?lat=28.247562&lon=-16.839137&zoom=15
72,"Harbour Lights",39,5,20,4,"Lanzarote","Tias","",100,0,28.922042,-13.674237,"Calle Gran Canaria, 2 Esq. Calle Los Infantes, 14, Pta. F6 35510    , Puerto Del Carmen, Tias, Lanzarote",http://localhost:3000/installer/prospecting?lat=28.922042&lon=-13.674237&zoom=15
73,"Casitas De Niguan",39,5,15,3,"Lanzarote","Tinajo","",100,0,29.051285,-13.686581,"Ca Lle Cuartillo 9",http://localhost:3000/installer/prospecting?lat=29.051285&lon=-13.686581&zoom=15
74,"La Casita",38,61,261,4.3,"Tenerife, Gran Canaria, La Palma, La Gomera, El Hierro, Fuerteventura, Lanzarote","Arafo, La Orotava, Los Realejos, Adeje, Firgas, Santa Brigida, San Bartolome De Tirajana, Vega San Mateo, Guia Isora, Santiago Del Teide, La Guancha, Arona, Icod De Los Vinos, Santa Cruz Tenerife, La Matanza De Acentejo, Puerto De La Cruz, Arico, Tacoronte, San Miguel De Abona, Villa De Mazo, Los Llanos De Aridane, Valle Gran Rey, Hermigua, Valverde, Las Palmas De Gran Canaria, La Oliva, Antigua, Pájara, Yaiza, Tias, Tinajo, Teguise","",0,0,28.447373,-15.587692,"Camino Barranquillos, 5 5",http://localhost:3000/installer/prospecting?lat=28.447373&lon=-15.587692&zoom=15
75,"Jardines Canarios",38,7,33,4.7,"Tenerife","Arona, Adeje","",85,0,28.045516,-16.690995,"Avenida Juan Carlos I, Apt. Jardines Canarios, Nº 33, Escalera 1 Piso 07 Puerta C1",http://localhost:3000/installer/prospecting?lat=28.045516&lon=-16.690995&zoom=15
76,"Neptuno",38,10,40,4,"Tenerife","San Cristobal De La Laguna, Santiago Del Teide, Arona","",70,0,28.311987,-16.715188,"Ctra. Gral. De Bajamar, Nº 165, Pta. 2",http://localhost:3000/installer/prospecting?lat=28.311987&lon=-16.715189&zoom=15
77,"Borza Real Estate",38,7,22,3.1,"Tenerife","Adeje, Arona","",85,0,28.055022,-16.697783,"Cl Italia  6 A",http://localhost:3000/installer/prospecting?lat=28.055022&lon=-16.697783&zoom=15
78,"Adriana",38,7,23,3.3,"Tenerife, Fuerteventura","Granadilla De Abona, Pájara","",85,0,28.091456,-16.224225,"Calle Pasaje Taguluche 2   2 A",http://localhost:3000/installer/prospecting?lat=28.091456&lon=-16.224225&zoom=15
79,"Casa Famara",38,7,33,4.7,"Lanzarote","Tias, Teguise","",85,0,29.005139,-13.585149,"Calle Pardelera, 30 35572    , Tias, Tias, Lanzarote",http://localhost:3000/installer/prospecting?lat=29.005139&lon=-13.585149&zoom=15
80,"Autos Ucanca S.L.",38,16,56,3.5,"Lanzarote","Tias, Yaiza, Teguise, San Bartolome","",55,0,28.901679,-13.785574,"Calle Guanapay 6    107",http://localhost:3000/installer/prospecting?lat=28.901679&lon=-13.785574&zoom=15
81,"La Quinta",37,6,24,4,"Tenerife","Santa Ursula, Adeje","",85,0,28.373434,-16.541045,"Urb. La Quinta, C/ Codeso, 16 C",http://localhost:3000/installer/prospecting?lat=28.373434&lon=-16.541045&zoom=15
82,"Las Dunas",37,6,32,5.3,"Tenerife, Fuerteventura","Granadilla De Abona, La Oliva","",85,0,28.557069,-14.531697,"Calle Tinguaro 1  1",http://localhost:3000/installer/prospecting?lat=28.557068&lon=-14.531697&zoom=15
83,"Jardines Del Sur",37,6,31,5.2,"Tenerife, _U","Adeje, Arona","",85,0,28.069772,-16.72082,"C/ Teobaldo Power, 16",http://localhost:3000/installer/prospecting?lat=28.069772&lon=-16.720820&zoom=15
84,"Los Patios",37,6,28,4.7,"Tenerife, Lanzarote","Granadilla De Abona, Tias","",85,0,28.197665,-16.063944,"Calle Plaza Alcalde Antonio Garcia Osorio, 6, Resid. Los Patios, Vda. 3ºa",http://localhost:3000/installer/prospecting?lat=28.197665&lon=-16.063944&zoom=15
85,"Sunny Beach",37,6,20,3.3,"Tenerife, Gran Canaria","Icod De Los Vinos, San Bartolome De Tirajana","",85,0,28.256166,-16.492081,"C/ Las Americas, 46, Vda. 711",http://localhost:3000/installer/prospecting?lat=28.256166&lon=-16.492081&zoom=15
86,"Casa Blanca",37,53,293,5.5,"Tenerife, Gran Canaria, La Palma, La Gomera, El Hierro, Fuerteventura, Lanzarote","Arico, Adeje, Arona, Santa Lucia De Tirajana, San Bartolome De Tirajana, San Miguel De Abona, Granadilla De Abona, Los Realejos, Santa Cruz Tenerife, San Cristobal De La Laguna, Santa Ursula, Puerto De La Cruz, Puntagorda, Valle Gran Rey, Vallehermoso, El Pinar De El Hierro, Las Palmas De Gran Canaria, Mogan, Moya, Telde, Tuineje, La Oliva, Antigua, Yaiza, Tias, Teguise, La Matanza De Acentejo, Guia Isora, Tacoronte","",0,0,28.413412,-15.285337,"Urb Casa Blanca Sn Pt B11",http://localhost:3000/installer/prospecting?lat=28.413412&lon=-15.285337&zoom=15
87,"Ocean View",37,57,234,4.1,"Tenerife, Gran Canaria, Fuerteventura, Lanzarote","Adeje, Arona, Tacoronte, San Miguel De Abona, Puerto De La Cruz, Santa Cruz Tenerife, Arucas, Mogan, Tuineje, La Oliva, Puerto Del Rosario, Antigua, Tias, San Bartolome, Teguise, Yaiza, Santiago Del Teide","",0,0,28.414992,-15.650661,"Calle Venezuela Nº20 ,Puerta 215",http://localhost:3000/installer/prospecting?lat=28.414992&lon=-15.650661&zoom=15
88,"Tegueste",37,6,21,3.5,"Tenerife, Gran Canaria","Arona, Santa Lucia De Tirajana","",85,0,27.869079,-15.654703,"Calle Cernicalo, Nº20, Piso 2, Puerta 4",http://localhost:3000/installer/prospecting?lat=27.869079&lon=-15.654703&zoom=15
89,"Casas Blancas",37,6,19,3.2,"Gran Canaria, Tenerife","La Aldea De San Nicolas, Arona","",85,0,28.043777,-16.573631,"Casas Blancas   S/N - Pasaje Llano Blanco (Tasartico)",http://localhost:3000/installer/prospecting?lat=28.043777&lon=-16.573631&zoom=15
90,"Inversiones Boncanar, S.L.",37,6,19,3.2,"Gran Canaria","San Bartolome De Tirajana, Las Palmas De Gran Canaria","",85,0,27.782526,-15.642441,"Calle Driver S/N",http://localhost:3000/installer/prospecting?lat=27.782526&lon=-15.642441&zoom=15
91,"Sueño Azul",37,6,26,4.3,"Tenerife, Fuerteventura","Adeje, Tuineje","",85,0,28.156433,-16.084086,"Calle Isora  S/N",http://localhost:3000/installer/prospecting?lat=28.156433&lon=-16.084086&zoom=15
92,"Nostramo Sl",37,9,33,3.7,"Tenerife","Guia Isora, Adeje, Arona","",70,0,28.12363,-16.757003,"Calle Isla Gran Canaria 25",http://localhost:3000/installer/prospecting?lat=28.123630&lon=-16.757003&zoom=15
93,"Edificio Horizonte",37,6,16,2.7,"Tenerife, Lanzarote","Arona, Tias","",85,0,28.342424,-15.704989,"Calle Montaña 48",http://localhost:3000/installer/prospecting?lat=28.342424&lon=-15.704989&zoom=15
94,"Fredy Cruz",37,14,51,3.6,"Tenerife","Santa Cruz Tenerife, San Cristobal De La Laguna, Granadilla De Abona, Candelaria","",55,0,28.390185,-16.341984,"Prolongación Piñonero 5",http://localhost:3000/installer/prospecting?lat=28.390185&lon=-16.341984&zoom=15
95,"Vivienda Vacacional Carlomar",37,6,31,5.2,"Tenerife","Guia Isora, Santiago Del Teide","",85,0,28.224031,-16.828179,"Calle Virgen De La Candelaria 15",http://localhost:3000/installer/prospecting?lat=28.224031&lon=-16.828179&zoom=15
96,"Geab24, S.L.",37,6,15,2.5,"Tenerife","Arona, Adeje","",85,0,28.070579,-16.725129,"Urb. Américas  54   3 6",http://localhost:3000/installer/prospecting?lat=28.070579&lon=-16.725129&zoom=15
97,"Casa Del Sol",36,51,209,4.1,"Tenerife, Gran Canaria, La Gomera, Fuerteventura, Lanzarote","La Matanza De Acentejo, La Orotava, Arona, Las Palmas De Gran Canaria, Agaete, Mogan, Guia Isora, Arico, Candelaria, Adeje, Garachico, Los Realejos, San Bartolome De Tirajana, Santiago Del Teide, San Sebastian De La Gomera, Antigua, Pájara, La Oliva, Tuineje, Yaiza, Teguise, Tias, Haria","",0,0,28.332426,-15.141635,"C/ Acentejo, 72",http://localhost:3000/installer/prospecting?lat=28.332426&lon=-15.141635&zoom=15
98,"Flamingo",36,8,25,3.1,"Tenerife, Fuerteventura, Lanzarote","Arona, Pájara, Yaiza","",70,0,28.196887,-15.659894,"Avda. El Palm Mar 64   09 904",http://localhost:3000/installer/prospecting?lat=28.196887&lon=-15.659894&zoom=15
99,"Casa Del Mar",36,50,235,4.7,"Tenerife, Gran Canaria, La Palma, El Hierro, Fuerteventura, Lanzarote","Garachico, Arona, Agaete, Galdar, Arucas, Las Palmas De Gran Canaria, Aguimes, Mogan, Guia Isora, La Matanza De Acentejo, San Miguel De Abona, Tacoronte, Candelaria, Arico, Adeje, Los Silos, Tazacorte, Valverde, Antigua, La Oliva, Pájara, Arrecife, Teguise, Yaiza, San Bartolome, Tias, Haria","",0,0,28.48494,-14.919547,"C/ Esteban Ponce N 69",http://localhost:3000/installer/prospecting?lat=28.484940&lon=-14.919547&zoom=15
100,"Casa Simona",36,8,37,4.6,"Tenerife, Fuerteventura","Granadilla De Abona, Adeje, La Oliva","",70,0,28.465914,-15.013859,"Ctra Pista La Higueritas N 7 Pt B",http://localhost:3000/installer/prospecting?lat=28.465914&lon=-15.013859&zoom=15
101,"Los Arcos",36,8,29,3.6,"Gran Canaria, Lanzarote","San Bartolome De Tirajana, Yaiza, Tias","",70,0,28.04821,-15.099061,"Avda.Estados Unidos 60",http://localhost:3000/installer/prospecting?lat=28.048210&lon=-15.099061&zoom=15
102,"Finca La Paz",36,8,27,3.4,"Tenerife","Adeje, San Miguel De Abona, La Guancha","",70,0,28.101142,-16.631847,"Cl Gasparianes  13",http://localhost:3000/installer/prospecting?lat=28.101142&lon=-16.631847&zoom=15
103,"Adasun 1981, S.L.",36,5,32,6.4,"Lanzarote","Tias, Arrecife","",85,0,28.954438,-13.573168,"C/Guacimeta 8",http://localhost:3000/installer/prospecting?lat=28.954438&lon=-13.573168&zoom=15
104,"Mencey",35,5,18,3.6,"Tenerife","Santa Cruz Tenerife, Granadilla De Abona","",85,0,28.368351,-16.323506,"C/ Pintor Jose Aguiar, 2, Bajo, Piso 3",http://localhost:3000/installer/prospecting?lat=28.368351&lon=-16.323506&zoom=15
105,"Playa Chica",35,11,35,3.2,"Tenerife, Gran Canaria, Lanzarote","Santa Cruz Tenerife, Las Palmas De Gran Canaria, Arico, Tias","",55,0,28.412262,-15.499043,"Urbanizacion Las Gaviotas, Nº 1, Piso 5º, Vda. 501 1",http://localhost:3000/installer/prospecting?lat=28.412262&lon=-15.499043&zoom=15
106,"San Francisco",35,5,25,5,"Tenerife, La Palma","Santa Cruz Tenerife, Santa Cruz De La Palma","",85,0,28.54325,-16.752798,"Calle San Francisco Nº67 Escalera A Piso 4 Puerta B",http://localhost:3000/installer/prospecting?lat=28.543250&lon=-16.752798&zoom=15
107,"Casa Maria",35,46,176,3.8,"Tenerife, Gran Canaria, La Palma, La Gomera, Fuerteventura, Lanzarote","Icod De Los Vinos, San Bartolome De Tirajana, Adeje, Tazacorte, Los Llanos De Aridane, Hermigua, Tejeda, Mogan, Ingenio, Valsequillo De Gran Canaria, Telde, La Oliva, Antigua, Tuineje, Pájara, Puerto Del Rosario, Tinajo, Arrecife, Yaiza, Tias, Teguise","",0,0,28.704715,-14.489583,"Calle La Palmita, 11",http://localhost:3000/installer/prospecting?lat=28.704715&lon=-14.489583&zoom=15
108,"Casa Azul",35,44,181,4.1,"Tenerife, Gran Canaria, La Palma, La Gomera, Fuerteventura, Lanzarote","Guia Isora, Mogan, Puerto De La Cruz, Icod De Los Vinos, San Miguel De Abona, Garachico, Santa Cruz Tenerife, Arico, Arona, San Cristobal De La Laguna, Los Llanos De Aridane, Tazacorte, El Paso, Fuencaliente De La Palma, Vallehermoso, Vega San Mateo, Telde, San Bartolome De Tirajana, La Oliva, Puerto Del Rosario, Antigua, Haria, Tinajo, Yaiza, Teguise, Arrecife, Tias, San Bartolome","",0,0,28.56444,-15.116554,"C/ Barranquillo Nº 18, Piso 3e",http://localhost:3000/installer/prospecting?lat=28.564440&lon=-15.116554&zoom=15
109,"Faro",35,5,21,4.2,"Gran Canaria, Fuerteventura","Las Palmas De Gran Canaria, Pájara","",85,0,28.151239,-15.19034,"Faro 105 3º, Pta. 33",http://localhost:3000/installer/prospecting?lat=28.151239&lon=-15.190340&zoom=15
110,"Flamboyan",35,7,25,3.6,"Gran Canaria, Fuerteventura","San Bartolome De Tirajana, Telde, La Oliva","",70,0,28.167223,-14.935182,"Mar Caspio 2    175",http://localhost:3000/installer/prospecting?lat=28.167223&lon=-14.935182&zoom=15
111,"Sunset Apartment",35,5,14,2.8,"Gran Canaria, Tenerife","San Bartolome De Tirajana, Santiago Del Teide","",85,0,28.044511,-16.341385,"Calle Einstein 17",http://localhost:3000/installer/prospecting?lat=28.044511&lon=-16.341385&zoom=15
112,"Palo Blanco",35,5,23,4.6,"Tenerife, Lanzarote","Adeje, Teguise","",85,0,28.328099,-15.919259,"Avenida España 2",http://localhost:3000/installer/prospecting?lat=28.328099&lon=-15.919259&zoom=15
113,"Las Terrazas",35,25,83,3.3,"Tenerife","Adeje, Santa Cruz Tenerife, Icod De Los Vinos, Guia Isora, Arona, Granadilla De Abona","",25,0,28.281254,-16.72791,"Calle Las Terrazas 3",http://localhost:3000/installer/prospecting?lat=28.281254&lon=-16.727910&zoom=15
114,"Pleamar",35,5,15,3,"Gran Canaria, Lanzarote","Mogan, Tias","",85,0,28.631033,-14.156972,"Calle Tomas Morales 18",http://localhost:3000/installer/prospecting?lat=28.631033&lon=-14.156972&zoom=15
115,"Casa Volcan",35,7,38,5.4,"Fuerteventura, Lanzarote","La Oliva, Yaiza, Teguise","",70,0,28.824701,-13.805459,"Volcán 8",http://localhost:3000/installer/prospecting?lat=28.824701&lon=-13.805459&zoom=15
116,"Manuel",35,5,14,2.8,"Lanzarote","Teguise, Yaiza","",85,0,29.160099,-13.568977,"Calle Margarona",http://localhost:3000/installer/prospecting?lat=29.160099&lon=-13.568977&zoom=15
117,"3 Ballenas Tenerife, Sl",35,5,15,3,"Tenerife","San Miguel De Abona, Arona","",85,0,28.012183,-16.664652,"C/ Fuerteventura",http://localhost:3000/installer/prospecting?lat=28.012183&lon=-16.664652&zoom=15
118,"Vista Mar",34,42,173,4.1,"Tenerife, Gran Canaria, La Palma, El Hierro, Fuerteventura, Lanzarote","Granadilla De Abona, Las Palmas De Gran Canaria, Telde, Guimar, Icod De Los Vinos, Arona, La Matanza De Acentejo, Mogan, Candelaria, Santiago Del Teide, Tacoronte, Adeje, La Guancha, Tijarafe, Frontera, San Bartolome De Tirajana, Pájara, La Oliva, Tias, Yaiza, Teguise, San Miguel De Abona","",0,0,28.462389,-15.281398,"Avda. Mar Adriatico Resd. Los Martinez",http://localhost:3000/installer/prospecting?lat=28.462389&lon=-15.281398&zoom=15
119,"Anna",34,10,42,4.2,"Gran Canaria, Tenerife, Fuerteventura, Lanzarote","Santa Lucia De Tirajana, Adeje, La Oliva, Yaiza","",55,0,28.142821,-14.978055,"Tasartico 043 3º B",http://localhost:3000/installer/prospecting?lat=28.142821&lon=-14.978055&zoom=15
120,"Casa Luna",34,39,177,4.5,"Gran Canaria, Tenerife, La Palma, La Gomera, Fuerteventura, Lanzarote","Aguimes, Las Palmas De Gran Canaria, San Bartolome De Tirajana, La Orotava, San Miguel De Abona, Icod De Los Vinos, Vilaflor De Chasna, Arona, Breña Baja, Valle Gran Rey, Hermigua, Mogan, Puerto Del Rosario, La Oliva, Pájara, Tuineje, Teguise, Yaiza, Tias, Arrecife, San Bartolome, Tinajo, Guia Isora","",0,0,28.551471,-14.706708,"Fernando González 002 Esq. C/ Juan Alvarado Y Saz",http://localhost:3000/installer/prospecting?lat=28.551471&lon=-14.706708&zoom=15
121,"Casa Rosa",33,36,157,4.4,"Tenerife, Gran Canaria, La Palma, El Hierro, Fuerteventura, Lanzarote","San Miguel De Abona, Arona, Vega San Mateo, Arico, Los Silos, Adeje, Santiago Del Teide, Tijarafe, Los Llanos De Aridane, Valverde, Mogan, San Bartolome De Tirajana, La Oliva, Puerto Del Rosario, Antigua, Yaiza, Teguise, Arrecife, Haria, Tias, Santa Ursula","",0,0,28.415825,-15.33755,"Las Morales 10",http://localhost:3000/installer/prospecting?lat=28.415825&lon=-15.337550&zoom=15
122,"Arco Iris",33,6,28,4.7,"Tenerife, Lanzarote","Adeje, Tias, Haria","",70,0,28.472072,-15.478751,"Av. Juan Carlos I, 39, Bloque K, Piso 3º, Puerta 2",http://localhost:3000/installer/prospecting?lat=28.472072&lon=-15.478751&zoom=15
123,"Bajamar",33,6,19,3.2,"Tenerife, Gran Canaria","San Cristobal De La Laguna, Arucas, Mogan","",70,0,28.311838,-16.054522,"C/. Montalmar, 31, Esc. 1, Piso 01, Pta. 15",http://localhost:3000/installer/prospecting?lat=28.311838&lon=-16.054522&zoom=15
124,"Las Nasas",33,6,25,4.2,"Gran Canaria, Fuerteventura","Aguimes, San Bartolome De Tirajana, La Oliva","",70,0,27.813398,-15.471629,"C/ Las Nasas,Nº 23, Bajo 35118    , Playa De Arinaga, Aguimes, Gran Canaria",http://localhost:3000/installer/prospecting?lat=27.813398&lon=-15.471629&zoom=15
125,"Vvcanarias",33,6,21,3.5,"Gran Canaria, Fuerteventura, Lanzarote","Santa Lucia De Tirajana, Pájara, Arrecife","",70,0,28.252234,-14.317141,"Avenida De Canarias 241   2 14",http://localhost:3000/installer/prospecting?lat=28.252234&lon=-14.317141&zoom=15
126,"Villamar",33,6,23,3.8,"Tenerife, Fuerteventura, Lanzarote","Adeje, La Oliva, Arrecife","",70,0,28.183966,-16.168234,"Avenida De Los Pueblos  25",http://localhost:3000/installer/prospecting?lat=28.183966&lon=-16.168234&zoom=15
127,"Green Oasis",33,6,25,4.2,"Tenerife, Fuerteventura","San Miguel De Abona, Pájara, La Oliva","",70,0,28.205731,-15.117376,"Av. J. M . Galvan Bello S/N Cid",http://localhost:3000/installer/prospecting?lat=28.205731&lon=-15.117376&zoom=15
128,"Las Americas",33,6,34,5.7,"Tenerife, Fuerteventura","Arona, La Oliva, Adeje","",70,0,28.142623,-16.637999,"Noelia Afonso Cabrera 8  D",http://localhost:3000/installer/prospecting?lat=28.142623&lon=-16.637999&zoom=15
129,"El Marinero",33,6,17,2.8,"Tenerife, El Hierro, Lanzarote","Arona, El Pinar De El Hierro, Tias","",70,0,28.386896,-15.496691,"Calle Minerva 16 E  1 207",http://localhost:3000/installer/prospecting?lat=28.386896&lon=-15.496691&zoom=15
130,"Casa Lily",33,9,37,4.1,"Fuerteventura, Lanzarote","La Oliva, Antigua, Tias, San Bartolome","",55,0,28.778668,-13.755083,"C/ Gavias Nuevas, N 12 35650    , Lajares, La Oliva, Fuerteventura",http://localhost:3000/installer/prospecting?lat=28.778668&lon=-13.755083&zoom=15
131,"Casa Ola",33,6,19,3.2,"Fuerteventura, Lanzarote","La Oliva, Teguise, Tinajo","",70,0,28.95765,-13.58408,"Pedro Y Guy Vandaele 25   90b",http://localhost:3000/installer/prospecting?lat=28.957650&lon=-13.584081&zoom=15
132,"Ocean View Apartment",32,5,15,3,"Tenerife","Adeje, Santiago Del Teide, Arona","",70,0,28.16549,-16.794578,"Calle Paises Bajos 1 Es: 1   4 4",http://localhost:3000/installer/prospecting?lat=28.165490&lon=-16.794578&zoom=15
133,"Vistamar",32,32,158,4.9,"Tenerife, Gran Canaria, La Palma, La Gomera, Fuerteventura, Lanzarote","Santa Ursula, Guimar, Arico, La Matanza De Acentejo, Agaete, Puerto De La Cruz, Santiago Del Teide, Arona, Candelaria, El Rosario, Los Realejos, Tazacorte, Valle Gran Rey, Mogan, La Oliva, Antigua, Puerto Del Rosario, Haria, Arrecife, Yaiza","",0,0,28.330673,-16.209181,"C/ Don Quijote, Urb. La Mancha, Vda. 20",http://localhost:3000/installer/prospecting?lat=28.330673&lon=-16.209181&zoom=15
134,"Casa Carmen",32,35,133,3.8,"Tenerife, Gran Canaria, La Palma, La Gomera, Fuerteventura, Lanzarote","Los Realejos, Mogan, San Bartolome De Tirajana, Santa Lucia De Tirajana, Aguimes, Arona, Adeje, Santa Cruz Tenerife, San Cristobal De La Laguna, Los Llanos De Aridane, Valle Gran Rey, La Oliva, Antigua, Pájara, Tuineje, Arrecife, Yaiza, Tias, San Bartolome, Teguise, Santiago Del Teide, Guimar, Haria","",0,0,28.348002,-14.931539,"Calle Playa Del Socorro, Nº 1-2",http://localhost:3000/installer/prospecting?lat=28.348002&lon=-14.931539&zoom=15
135,"Bahia Azul",32,5,22,4.4,"Tenerife, Fuerteventura","Arico, Arona, Antigua","",70,0,28.188346,-15.855168,"C/ Los Prismas Pt 29 Bahia Azul Agave",http://localhost:3000/installer/prospecting?lat=28.188346&lon=-15.855168&zoom=15
136,"Casa Bonita",32,33,146,4.4,"Tenerife, _U, Gran Canaria, La Palma, La Gomera, Fuerteventura, Lanzarote","Santiago Del Teide, Yaiza, Las Palmas De Gran Canaria, Mogan, Garafia, Valle Gran Rey, Telde, San Bartolome De Tirajana, Antigua, La Oliva, Pájara, Haria, Teguise, Tias","",0,0,28.533146,-14.752698,"Calle Agustin Leon Gonzalez Nº4,",http://localhost:3000/installer/prospecting?lat=28.533146&lon=-14.752698&zoom=15
137,"Casa Bruno",32,5,19,3.8,"Tenerife, La Palma, Lanzarote","La Matanza De Acentejo, Los Llanos De Aridane, Tias","",70,0,28.766902,-15.068717,"C/ Acentejo, Urb. Jadin De La Paz, Nº 48",http://localhost:3000/installer/prospecting?lat=28.766902&lon=-15.068717&zoom=15
138,"Bella Vista",32,33,128,3.9,"Tenerife, La Palma, Gran Canaria, Fuerteventura, Lanzarote","Adeje, Tacoronte, San Miguel De Abona, Arico, Arona, Santiago Del Teide, Puntallana, Mogan, La Oliva, Antigua, Pájara, Yaiza, Tias","",0,0,28.535575,-15.108786,"Lugar Los Cuchillitos, 3",http://localhost:3000/installer/prospecting?lat=28.535575&lon=-15.108786&zoom=15
139,"Balcón Del Mar",32,5,17,3.4,"Tenerife, La Palma","Arona, Adeje, Tazacorte","",70,0,28.184587,-16.984861,"Calle Odisea, Nº 3, Piso 1, Puerta 49",http://localhost:3000/installer/prospecting?lat=28.184587&lon=-16.984861&zoom=15
140,"Casa Oliva",32,5,29,5.8,"Fuerteventura, Tenerife","La Oliva, Candelaria, Tuineje","",70,0,14355.134019,-14.020686,"Calle Nuestra Señora Del Pino",http://localhost:3000/installer/prospecting?lat=14355.134019&lon=-14.020687&zoom=15
141,"Bello Horizonte",32,5,17,3.4,"Gran Canaria, Tenerife","Las Palmas De Gran Canaria, San Bartolome De Tirajana, Icod De Los Vinos","",70,0,27.951929,-15.49593,"Portugal 070 1º, Pta. 120",http://localhost:3000/installer/prospecting?lat=27.951929&lon=-15.495930&zoom=15
142,"Mi Casa",32,5,21,4.2,"Gran Canaria, Fuerteventura, Lanzarote","Las Palmas De Gran Canaria, La Oliva, Yaiza","",70,0,28.620261,-14.252178,"Bernardo De La Torre 056 2º D",http://localhost:3000/installer/prospecting?lat=28.620261&lon=-14.252178&zoom=15
143,"La Puntilla",32,5,17,3.4,"Gran Canaria, Fuerteventura","Las Palmas De Gran Canaria, Aguimes, La Oliva","",70,0,28.298224,-14.929627,"Prudencio Morales 039 6º C",http://localhost:3000/installer/prospecting?lat=28.298224&lon=-14.929627&zoom=15
144,"Beach View",32,5,16,3.2,"Gran Canaria, Tenerife, Lanzarote","Las Palmas De Gran Canaria, Arona, Arrecife","",70,0,28.138497,-15.436683,"Portugal 070 2º, Pta. 209 - Edif. Bello Horizonte",http://localhost:3000/installer/prospecting?lat=28.138497&lon=-15.436683&zoom=15
145,"Estolomotokoko, Sociedad Limitada",32,5,18,3.6,"Gran Canaria, Fuerteventura","San Bartolome De Tirajana, Puerto Del Rosario, La Oliva","",70,0,28.290295,-14.584616,"Avda. Touroperador Tui 7 (3)  Bj65 160",http://localhost:3000/installer/prospecting?lat=28.290295&lon=-14.584616&zoom=15
146,"Sabina",32,5,29,5.8,"Tenerife","Adeje, Guia Isora, Candelaria","",70,0,28.237208,-16.660603,"Pj Valito Sau, Rocabella 14",http://localhost:3000/installer/prospecting?lat=28.237208&lon=-16.660603&zoom=15
147,"Vapagó Tenerife Holidays",32,5,20,4,"Tenerife","Adeje, Candelaria, Arona","",70,0,28.123587,-16.651479,"Calle Guatemala 4  0",http://localhost:3000/installer/prospecting?lat=28.123587&lon=-16.651479&zoom=15
148,"Balcon Del Atlantico",32,5,22,4.4,"Tenerife, Fuerteventura","Adeje, Garachico, Antigua","",70,0,28.208637,-16.161319,"Calle Baleares 1 Fase 1 C5",http://localhost:3000/installer/prospecting?lat=28.208637&lon=-16.161319&zoom=15
149,"Sol Y Luna",32,5,25,5,"Tenerife, La Palma, Fuerteventura","Arona, Breña Alta, La Oliva","",70,0,28.693012,-15.195029,"Avenida Jose Antonio Tavio  10  Ea5 Pbj 553",http://localhost:3000/installer/prospecting?lat=28.693012&lon=-15.195029&zoom=15
150,"Santa Maria",32,5,16,3.2,"Tenerife, Fuerteventura","Adeje, Pájara, La Oliva","",70,0,28.118037,-15.480475,"Urbanizacion San Eugenio S/N",http://localhost:3000/installer/prospecting?lat=28.118036&lon=-15.480476&zoom=15
151,"Paraiso Del Sol",32,5,17,3.4,"Tenerife, Fuerteventura","Adeje, Antigua, La Oliva","",70,0,28.210192,-15.803334,"Calle Aljibe, El 11",http://localhost:3000/installer/prospecting?lat=28.210192&lon=-15.803334&zoom=15
152,"Casa La Caleta",32,5,20,4,"Tenerife, La Palma, Lanzarote","Adeje, Los Llanos De Aridane, Teguise","",70,0,28.779932,-14.630955,"Calle El Medregal 3",http://localhost:3000/installer/prospecting?lat=28.779932&lon=-14.630955&zoom=15
153,"Casa Cactus",32,18,72,4,"Tenerife, Fuerteventura, Lanzarote","Adeje, La Oliva, Pájara, Tias, Teguise, San Bartolome","",25,0,28.753014,-13.979373,"Calle La Tosca  3  A 1 03",http://localhost:3000/installer/prospecting?lat=28.753014&lon=-13.979373&zoom=15
154,"Avenida",32,5,15,3,"Tenerife, Fuerteventura, Lanzarote","Puerto De La Cruz, La Oliva, Tias","",70,0,28.874893,-13.70283,"Avenida Familia Betancourt Y Molina 25   905",http://localhost:3000/installer/prospecting?lat=28.874893&lon=-13.702830&zoom=15
155,"Casa Papagayo",32,5,20,4,"Tenerife, Lanzarote","Santa Cruz Tenerife, Yaiza, Arona","",70,0,28.578976,-14.747996,"Calle Prosperidad  41   Bajo",http://localhost:3000/installer/prospecting?lat=28.578976&lon=-14.747996&zoom=15
156,"Casa El Charco",32,5,23,4.6,"La Gomera, Lanzarote","Agulo, Haria, Arrecife","",70,0,29.09207,-13.498331,"Ctra Circunvalacion El Charco S/N Planta Baja  38830    , Agulo, Agulo, La Gomera",http://localhost:3000/installer/prospecting?lat=29.092070&lon=-13.498331&zoom=15
157,"Casa Kiwi",32,5,23,4.6,"Gran Canaria, Fuerteventura, Lanzarote","San Bartolome De Tirajana, La Oliva, Tias","",70,0,28.344861,-14.605416,"Calle Las Dalias 2",http://localhost:3000/installer/prospecting?lat=28.344860&lon=-14.605417&zoom=15
158,"La Cancela",32,5,43,8.6,"Gran Canaria, Fuerteventura, Lanzarote","Las Palmas De Gran Canaria, La Oliva, Yaiza","",70,0,28.760468,-13.897314,"La Cancela  15",http://localhost:3000/installer/prospecting?lat=28.760468&lon=-13.897314&zoom=15
159,"Palmera",32,5,26,5.2,"Fuerteventura, Lanzarote","Puerto Del Rosario, Tinajo, Yaiza","",70,0,28.82279,-13.790654,"Palmera Canaria 19, 1º Izda.",http://localhost:3000/installer/prospecting?lat=28.822790&lon=-13.790654&zoom=15
160,"Casa Coco",32,5,17,3.4,"Fuerteventura, Lanzarote","Pájara, La Oliva, Tias","",70,0,28.666491,-13.845558,"C/ Punta De Barlovento, N 2, Apto. 302 35627    , Costa Calma, Pajara, Fuerteventura",http://localhost:3000/installer/prospecting?lat=28.666491&lon=-13.845558&zoom=15
161,"Casa Pitaya",32,5,23,4.6,"Fuerteventura, Lanzarote","La Oliva, Teguise, Arrecife","",70,0,28.833614,-13.719395,"C/ Cardon N72 35660    , Corralejo, La Oliva, Fuerteventura",http://localhost:3000/installer/prospecting?lat=28.833614&lon=-13.719395&zoom=15
162,"Casa Varadero",32,5,20,4,"Lanzarote","Teguise, Haria, Tias","",70,0,29.107476,-13.520397,"Avda Virgen Del Mar 123",http://localhost:3000/installer/prospecting?lat=29.107476&lon=-13.520397&zoom=15
163,"Los Geranios",31,11,37,3.4,"Tenerife, La Palma","Arona, Tacoronte, Candelaria, Adeje, Tijarafe","",40,0,28.210508,-16.564051,"C/ De La Te Nº 6, Urb. Los Geranios,  Vivienda 65",http://localhost:3000/installer/prospecting?lat=28.210508&lon=-16.564051&zoom=15
164,"Balcon Del Mar",31,16,46,2.9,"Tenerife, Fuerteventura, Lanzarote","Arona, Tacoronte, Guia Isora, Icod De Los Vinos, La Oliva, Tias","",25,0,28.147079,-16.428576,"C/ Odisea, 3 , Edf.Balcon Del Mar, Planta 4ª, Vda. 93",http://localhost:3000/installer/prospecting?lat=28.147079&lon=-16.428576&zoom=15
165,"Casa Lola",31,30,136,4.5,"Tenerife, Gran Canaria, La Palma, La Gomera, Fuerteventura, Lanzarote","Tacoronte, Agaete, Telde, San Bartolome De Tirajana, Galdar, Vega San Mateo, Los Realejos, Puerto De La Cruz, Guia Isora, Tazacorte, Valle Gran Rey, Antigua, La Oliva, Yaiza, Tinajo, Teguise, Tias, Arrecife, Arona","",0,0,28.500758,-14.863163,"Pasaje Tindaya, Nº 5 5",http://localhost:3000/installer/prospecting?lat=28.500758&lon=-14.863163&zoom=15
166,"Yaiza",31,7,31,4.4,"Tenerife, Gran Canaria, Lanzarote","Arona, Puerto De La Cruz, San Bartolome De Tirajana, Yaiza","",55,0,28.541113,-15.239563,"Calle Los Falcones Nº 3bloque B Piso Z Puerta 6 3",http://localhost:3000/installer/prospecting?lat=28.541113&lon=-15.239563&zoom=15
167,"Lavanda",31,11,41,3.7,"Tenerife, Gran Canaria, Fuerteventura","Arona, Granadilla De Abona, Mogan, La Oliva, Puerto Del Rosario","",40,0,28.140567,-16.04339,"Paseo Areca  N º 1 Piso 2 Puerta 2-3",http://localhost:3000/installer/prospecting?lat=28.140567&lon=-16.043390&zoom=15
168,"Las Arenas",31,11,43,3.9,"Tenerife, Gran Canaria, Fuerteventura","Arico, Granadilla De Abona, San Bartolome De Tirajana, Antigua, Pájara","",40,0,28.231615,-14.527785,"C/ Lorenzo Rodriguez, 31, Bajo (Las Arenas)",http://localhost:3000/installer/prospecting?lat=28.231615&lon=-14.527785&zoom=15
169,"El Dorado",31,16,49,3.1,"Tenerife, La Gomera, Gran Canaria, Lanzarote","Arona, Granadilla De Abona, Valle Gran Rey, Mogan, San Bartolome De Tirajana, Tias","",25,0,28.139809,-16.448628,"Avda Santiago Puig N 4 Piso 8 Pt 17",http://localhost:3000/installer/prospecting?lat=28.139809&lon=-16.448628&zoom=15
170,"Paradise Home",31,7,29,4.1,"Tenerife, Fuerteventura","Arona, Adeje, Antigua, La Oliva","",55,0,28.407898,-15.022241,"Avenida De La Arenita 11    H6",http://localhost:3000/installer/prospecting?lat=28.407898&lon=-15.022241&zoom=15
171,"Casa Alice",31,7,27,3.9,"Tenerife, Gran Canaria, Fuerteventura, Lanzarote","Arona, Mogan, La Oliva, Yaiza","",55,0,28.488519,-14.646624,"Avd Jose Antonio Tavio 17  1",http://localhost:3000/installer/prospecting?lat=28.488519&lon=-14.646624&zoom=15
172,"Vista Al Mar",31,30,109,3.6,"Gran Canaria, Tenerife, La Palma, La Gomera, El Hierro, Fuerteventura, Lanzarote","Las Palmas De Gran Canaria, Adeje, Icod De Los Vinos, Santa Cruz Tenerife, Puerto De La Cruz, Guia Isora, Granadilla De Abona, Arico, Puntagorda, Tazacorte, Valle Gran Rey, Frontera, La Oliva, Antigua, Puerto Del Rosario, Tias, Yaiza, Arona","",0,0,28.369022,-16.089725,"Alfredo L. Jones 042 1º, Puerta 12",http://localhost:3000/installer/prospecting?lat=28.369022&lon=-16.089725&zoom=15
173,"Casa Bea",31,7,32,4.6,"Gran Canaria, Tenerife, Fuerteventura","San Bartolome De Tirajana, Arona, La Oliva, Pájara","",55,0,28.292871,-15.020198,"Avenida Tenerife 11, Portal 3, 2, Puerta 281 35100    , Playa Del Ingles, San Bartolome De Tirajana, Gran Canaria",http://localhost:3000/installer/prospecting?lat=28.292871&lon=-15.020198&zoom=15
174,"Altamar",31,7,28,4,"Tenerife, Lanzarote","Arona, Guia Isora, Adeje, Tias","",55,0,28.279857,-15.962374,"Avenida Arquitecto Gomez Cuesta 10 1",http://localhost:3000/installer/prospecting?lat=28.279857&lon=-15.962374&zoom=15
175,"Casa Aguamarina",31,7,26,3.7,"Tenerife, Gran Canaria, Fuerteventura, Lanzarote","Granadilla De Abona, Aguimes, La Oliva, San Bartolome","",55,0,28.463796,-14.691272,"Calle La Graciosa. Edificio Marineda 2 A",http://localhost:3000/installer/prospecting?lat=28.463796&lon=-14.691272&zoom=15
176,"Casa Sandra",31,7,33,4.7,"Tenerife, Fuerteventura, Lanzarote","Candelaria, La Oliva, Yaiza, Arona","",55,0,28.600554,-14.723645,"Cm Pringado El  7",http://localhost:3000/installer/prospecting?lat=28.600554&lon=-14.723645&zoom=15
177,"Casa Tranquila",31,7,26,3.7,"Tenerife, La Palma, Lanzarote","Puerto De La Cruz, Los Llanos De Aridane, Yaiza, San Bartolome","",55,0,28.749046,-15.16103,"Calle Tigalate 4",http://localhost:3000/installer/prospecting?lat=28.749046&lon=-15.161030&zoom=15
178,"Casa Paloma",31,7,35,5,"Fuerteventura, Lanzarote","Pájara, La Oliva, Yaiza, Teguise","",55,0,28.826402,-13.773954,"Playa De La Jaqueta",http://localhost:3000/installer/prospecting?lat=28.826402&lon=-13.773954&zoom=15
179,"La Pardela",30,10,45,4.5,"Tenerife, Gran Canaria, Fuerteventura, Lanzarote","Granadilla De Abona, Arico, Arucas, Tuineje, Teguise","",40,0,28.728309,-14.741484,"Paseo Las Pardelas, Nº 1, Bloque 1, Esc. 1. Piso 1º, Puerta 1",http://localhost:3000/installer/prospecting?lat=28.728309&lon=-14.741484&zoom=15
180,"La Casa Verde",30,10,40,4,"Tenerife, Gran Canaria, La Palma, El Hierro","Puerto De La Cruz, San Cristobal De La Laguna, Las Palmas De Gran Canaria, Los Llanos De Aridane, El Pinar De El Hierro","",40,0,28.336275,-16.696998,"Ctra. General  Las Arenas, Nº 94, 1º, Puerta 5",http://localhost:3000/installer/prospecting?lat=28.336275&lon=-16.696998&zoom=15
181,"Paraiso",30,28,116,4.1,"Tenerife, Fuerteventura, La Gomera, Gran Canaria, Lanzarote","San Miguel De Abona, Santa Cruz Tenerife, Adeje, Santa Ursula, Guimar, Arico, Arona, La Oliva, Candelaria, San Sebastian De La Gomera, San Bartolome De Tirajana, Pájara, Tias, Arrecife, Yaiza","",0,0,28.344482,-15.600094,"Calle Antonio Machado Nº19,Piso 1º,Puerta I",http://localhost:3000/installer/prospecting?lat=28.344482&lon=-15.600094&zoom=15
182,"San Andres",30,6,22,3.7,"Tenerife, Gran Canaria","Santa Cruz Tenerife, Los Realejos, Arucas, San Miguel De Abona","",55,0,28.297949,-15.975919,"C/ Florida Primera, Piso 24, Pta. A",http://localhost:3000/installer/prospecting?lat=28.297949&lon=-15.975919&zoom=15
183,"Casa La Asomada",30,6,31,5.2,"Tenerife, El Hierro, Fuerteventura, Lanzarote","Buenavista Del Norte, El Pinar De El Hierro, Puerto Del Rosario, Tias","",55,0,28.5077,-15.213448,"C/. La Asomada Del Guirre, 8",http://localhost:3000/installer/prospecting?lat=28.507700&lon=-15.213448&zoom=15
184,"Casa Jorge",30,6,25,4.2,"Tenerife, Gran Canaria, Fuerteventura","Puerto De La Cruz, Santa Cruz Tenerife, San Bartolome De Tirajana, Antigua","",55,0,28.15773,-15.563169,"C/ Rosa Nº18 Urb. San Jose",http://localhost:3000/installer/prospecting?lat=28.157730&lon=-15.563169&zoom=15
185,"Lobos",30,6,25,4.2,"Gran Canaria, Fuerteventura","Las Palmas De Gran Canaria, La Oliva, Antigua, Tuineje","",55,0,28.494497,-14.25346,"Manuel González Martín 12,3ºb",http://localhost:3000/installer/prospecting?lat=28.494497&lon=-14.253460&zoom=15
186,"Vista Hermosa",30,6,34,5.7,"Gran Canaria, Tenerife, Lanzarote","Las Palmas De Gran Canaria, Adeje, Arona, Yaiza","",55,0,28.245279,-15.883802,"Antonio Maria Manrique 002 Conj. Resid. La Cornisa, 11º B",http://localhost:3000/installer/prospecting?lat=28.245279&lon=-15.883802&zoom=15
187,"Paula",30,6,40,6.7,"Gran Canaria, Fuerteventura, Lanzarote","Las Palmas De Gran Canaria, Aguimes, Pájara, Yaiza","",55,0,28.406763,-14.614317,"A Los Hoyos 142 B",http://localhost:3000/installer/prospecting?lat=28.406763&lon=-14.614317&zoom=15
188,"Los Cactus",30,6,24,4,"Gran Canaria, El Hierro, Lanzarote","Las Palmas De Gran Canaria, Valverde, San Bartolome, Haria","",55,0,28.263876,-15.593156,"Barcelona 023 3º A",http://localhost:3000/installer/prospecting?lat=28.263876&lon=-15.593156&zoom=15
189,"Casa Feliz",30,28,130,4.6,"Gran Canaria, Tenerife, La Palma, La Gomera, Fuerteventura, Lanzarote","Mogan, San Bartolome De Tirajana, Arona, Breña Alta, Alajero, La Oliva, Puerto Del Rosario, Tuineje, Antigua, Pájara, Yaiza, Tias, Candelaria","",0,0,28.563463,-14.569514,"C/ Gran Canaria, N 4, Pta. 11 35139    , Puerto Rico, Mogan, Gran Canaria",http://localhost:3000/installer/prospecting?lat=28.563463&lon=-14.569514&zoom=15
190,"Casa Verde",30,27,110,4.1,"Gran Canaria, Tenerife, La Palma, Fuerteventura, Lanzarote","Mogan, Las Palmas De Gran Canaria, San Bartolome De Tirajana, Ingenio, San Miguel De Abona, El Paso, Santa Cruz De La Palma, Santa Maria De Guia De Gran Canaria, Pájara, La Oliva, Yaiza, Teguise","",0,0,28.398555,-15.062045,"Calle Acoran 21, Puerta 3 35120    , Arguineguin, Mogan, Gran Canaria",http://localhost:3000/installer/prospecting?lat=28.398555&lon=-15.062045&zoom=15
191,"La Finca",30,6,35,5.8,"Tenerife, Gran Canaria, Lanzarote","Arona, Tacoronte, Telde, Tias","",55,0,28.499897,-14.865558,"Calle Tinguafaya 6  00",http://localhost:3000/installer/prospecting?lat=28.499897&lon=-14.865558&zoom=15
192,"Marisol",30,6,25,4.2,"Tenerife, La Palma, Gran Canaria, Lanzarote","Adeje, Santa Cruz De La Palma, Mogan, Yaiza","",55,0,28.073434,-16.46253,"Cl Noruega 2   00 C10",http://localhost:3000/installer/prospecting?lat=28.073434&lon=-16.462530&zoom=15
193,"Casa Zoe",30,6,32,5.3,"Tenerife, Lanzarote","Arona, La Victoria De Acentejo, Yaiza, Tias","",55,0,28.620207,-14.715107,"Cl Martin Gonzalez  2",http://localhost:3000/installer/prospecting?lat=28.620207&lon=-14.715107&zoom=15
194,"Dream House",30,6,29,4.8,"Tenerife, Fuerteventura, Lanzarote","Arona, Tacoronte, Antigua, Tias","",55,0,28.284971,-15.503718,"Avenida Juan Carlos I 16  1",http://localhost:3000/installer/prospecting?lat=28.284971&lon=-15.503718&zoom=15
195,"Montaña Roja",30,6,24,4,"Tenerife, Fuerteventura, Lanzarote","Granadilla De Abona, Pájara, Yaiza, La Oliva","",55,0,28.279506,-15.291289,"Avenida Magallanes  21  A",http://localhost:3000/installer/prospecting?lat=28.279506&lon=-15.291289&zoom=15
196,"Los Olivos",30,6,41,6.8,"Tenerife, El Hierro, Fuerteventura","Adeje, Frontera, Tuineje, Santa Ursula","",55,0,28.192823,-16.675916,"Cl San Jose 2  2",http://localhost:3000/installer/prospecting?lat=28.192823&lon=-16.675916&zoom=15
197,"Casa Calma",30,27,117,4.3,"Tenerife, Fuerteventura, Lanzarote","Adeje, Puerto De La Cruz, Tacoronte, Arona, La Oliva, Antigua, Pájara, Tias, Teguise, Yaiza, San Bartolome","",0,0,28.515629,-14.660886,"Calle Italia  06 A",http://localhost:3000/installer/prospecting?lat=28.515629&lon=-14.660886&zoom=15
198,"Maresía",30,6,30,5,"Tenerife, Lanzarote","Puerto De La Cruz, San Cristobal De La Laguna, Granadilla De Abona, Haria","",55,0,28.704481,-15.450781,"Cl Mequinez  48",http://localhost:3000/installer/prospecting?lat=28.704481&lon=-15.450781&zoom=15
199,"Casa Frida",30,6,27,4.5,"La Palma, Gran Canaria, Fuerteventura","Los Llanos De Aridane, San Bartolome De Tirajana, La Oliva, Antigua","",55,0,28.608091,-14.907094,"La Majada 28",http://localhost:3000/installer/prospecting?lat=28.608091&lon=-14.907094&zoom=15
200,"El Charco",30,6,21,3.5,"La Gomera, El Hierro, Fuerteventura, Lanzarote","Agulo, Valverde, Puerto Del Rosario, Arrecife","",55,0,28.330151,-15.934971,"El Charco-Elcalvario Es:4. Pl:01 2 Puerta 1",http://localhost:3000/installer/prospecting?lat=28.330151&lon=-15.934971&zoom=15